taxa,species,Lon,Lat,parmax,parmean,nitratemin,nitraterange,phosphatemin,phosphaterange,ppmin,pprange,salinityrange,dissoxrange,biogeo13tmean,biogeo15tmax,bathymetry
Cyanobacteria,Nodularia spumigena,19.50667,63.53999,46.86600113,34.241,0.078,2.476,0,0.203,0.001,0.011,1.592,158.358,5.81,17.21,-6
Cyanobacteria,Nodularia spumigena,11.24,58.3537,48.73500061,34.242,0.005,2.03,0.01,0.253,0.002,0.017,13.119,130.373,9.88,19.06,-15
Cyanobacteria,Nodularia spumigena,14.8236,56.1115,46.15000153,32.357,0.033,0.252,0.224,0.33,0.002,0.008,1.101,142.721,9,19.21,-12
Cyanobacteria,Nodularia spumigena,12.8539,55.8005,47.98899841,33.5,0.019,0.274,0.265,0.213,0.003,0.005,4.716,154.483,9.53,18.43,-10
Cyanobacteria,Nodularia spumigena,12.8808,55.5133,47.57300186,33.606,0.01,0.178,0.297,0.222,0.002,0.004,2.116,154.386,9.1,18.05,-4
Cyanobacteria,Nodularia spumigena,17.62367,58.80333,47.39400101,33.614,0.01,0.632,0.11,0.354,0.001,0.006,1.387,161.813,7.9,18.57,-15
Cyanobacteria,Nodularia spumigena,11.4333,58.2598,47.83399963,32.209,0.013,2.128,0.012,0.254,0.003,0.016,13.748,134.48,9.26,19.05,-19
Cyanobacteria,Nodularia spumigena,16.51354,58.6469,45.09799957,32.781,0.028,0.851,0.109,0.374,0.002,0.008,1.316,162.278,6.73,17.12,-3
Cyanobacteria,Nodularia spumigena,16.71167,58.40898,49.53499985,34.087,0.028,0.894,0.116,0.373,0.002,0.008,1.264,161.386,7.54,17.57,-6
Cyanobacteria,Nodularia spumigena,16.72328,58.62248,46.0530014,33.529,0.029,0.852,0.109,0.374,0.002,0.008,1.319,162.372,7.12,17.39,-8
Cyanobacteria,Nodularia spumigena,16.75601,58.10678,46.75899887,32.794,0.016,0.807,0.141,0.357,0.002,0.005,1.17,158.409,7.59,17.51,-2
Cyanobacteria,Nodularia spumigena,18.91088,57.68525,50.17599869,33.663,0,0.288,0.185,0.285,0,0.003,0.63,150.021,8.64,18.99,-7
Cyanobacteria,Nodularia spumigena,18.75732,59.52487,46.83200073,32.783,0.001,0.435,0.057,0.33,0,0.004,1.177,166.798,7.77,18,-6
Cyanobacteria,Nodularia spumigena,17.7875,58.84167,48.53300095,33.017,0.023,0.618,0.105,0.356,0.002,0.011,1.315,161.722,7.7,18.15,-10
Cyanobacteria,Nodularia spumigena,17.7265,58.934,46.29000092,32.497,0.024,0.624,0.104,0.357,0.002,0.012,1.288,162.139,7.64,17.59,-10
Cyanobacteria,Nodularia spumigena,17.72367,58.98383,46.29000092,32.497,0.024,0.624,0.104,0.357,0.002,0.012,1.288,162.139,7.64,17.59,-10
Cyanobacteria,Nodularia spumigena,17.72167,59.03667,47.13000107,33.454,0.026,0.623,0.103,0.357,0.002,0.013,1.265,162.089,7.37,18.47,-5
Cyanobacteria,Nodularia spumigena,17.67667,59.0685,47.13000107,33.454,0.026,0.623,0.103,0.357,0.002,0.013,1.265,162.089,7.37,18.47,-5
Cyanobacteria,Nodularia spumigena,18.39213,59.22278,48.38399887,33.482,0.007,0.527,0.081,0.351,0,0.007,1.103,166.197,6.85,16.05,-7
Cyanobacteria,Nodularia spumigena,18.5543,59.15906,47.77700043,33.617,0.001,0.56,0.085,0.357,0,0.006,1.075,163.145,7.62,17.76,-30
Cyanobacteria,Nodularia spumigena,18.63224,59.12155,47.77700043,33.617,0.001,0.56,0.084,0.357,0,0.005,1.078,163.238,7.67,17.87,-22
Cyanobacteria,Nodularia spumigena,17.42774,58.77192,47.61000061,33.827,0.008,0.669,0.111,0.357,0.002,0.005,1.419,162.477,7.5,17.45,-15
Cyanobacteria,Nodularia spumigena,17.6225,59.02448,44.85699844,32.02,0.025,0.624,0.104,0.357,0.002,0.012,1.275,162.101,6.38,17.13,-2
Cyanobacteria,Nodularia spumigena,13.643,55.3858,47.56299973,32.473,0,0.091,0.299,0.246,0,0.003,1.321,141.463,9.34,18.83,-15
Cyanobacteria,Nodularia spumigena,13.0188,55.3471,48.79100037,33.197,0.002,0.098,0.302,0.226,0.001,0.004,1.829,147.694,9.39,18.63,-10
Cyanobacteria,Nodularia spumigena,12.6521,56.3155,47.65800095,32.629,0.053,0.668,0.097,0.159,0.004,0.013,11.721,144.71,9.88,19.34,-20
Cyanobacteria,Nodularia spumigena,11.4333,58.2583,47.83399963,32.209,0.013,2.128,0.012,0.254,0.003,0.016,13.748,134.48,9.26,19.05,-19
Cyanobacteria,Nodularia spumigena,16.64293,58.43786,43.81200027,32.215,0.029,0.883,0.112,0.374,0.002,0.008,1.274,161.954,7.39,18.8,-2
Cyanobacteria,Nodularia spumigena,18.13118,57.40002,50.19800186,35.024,0,0.642,0.185,0.297,0,0.004,0.757,141.454,8.9,18.7,-9
Cyanobacteria,Nodularia spumigena,17.01491,58.67112,43.47600174,32.01,0.02,0.777,0.108,0.369,0.002,0.007,1.337,162.75,6.78,16.45,-1
Cyanobacteria,Nodularia spumigena,11.5933,57.9196,46.43299866,33.611,0.184,2.499,0.011,0.256,0.004,0.03,15.229,136.876,9.68,20.08,-2
Cyanobacteria,Nodularia spumigena,18.26417,62.86367,48.19200134,34.782,0.04,1.716,0,0.209,0.001,0.007,1.146,153.718,6.08,17.33,-35
Cyanobacteria,Nodularia spumigena,16.84155,58.59636,45.07500076,32.785,0.029,0.839,0.107,0.373,0.002,0.008,1.321,162.809,7.89,18.75,-15
Cyanobacteria,Nodularia spumigena,12.6522,56.3155,47.65800095,32.629,0.053,0.668,0.097,0.159,0.004,0.013,11.721,144.71,9.88,19.34,-20
Cyanobacteria,Nodularia spumigena,12.5166,56.2183,47.36100006,32.784,0.053,0.684,0.1,0.168,0.004,0.013,11.685,145.565,9.77,18.85,-6
Cyanobacteria,Nodularia spumigena,16.73383,58.12546,45.51300049,32.54,0.015,0.807,0.141,0.357,0.002,0.005,1.169,158.314,6.79,16.08,-3
Cyanobacteria,Nodularia spumigena,18.27479,60.35582,47.35900116,32.854,0.003,0.855,0,0.206,0,0.005,0.542,160.85,7.3,17.39,-8
Cyanobacteria,Nodularia spumigena,17.78754,58.84164,48.53300095,33.017,0.023,0.618,0.105,0.356,0.002,0.011,1.315,161.722,7.7,18.15,-10
Cyanobacteria,Nodularia spumigena,17.72662,58.93388,46.29000092,32.497,0.024,0.624,0.104,0.357,0.002,0.012,1.288,162.139,7.64,17.59,-10
Cyanobacteria,Nodularia spumigena,17.72374,58.9839,46.29000092,32.497,0.024,0.624,0.104,0.357,0.002,0.012,1.288,162.139,7.64,17.59,-10
Cyanobacteria,Nodularia spumigena,17.72169,59.03668,47.13000107,33.454,0.026,0.623,0.103,0.357,0.002,0.013,1.265,162.089,7.37,18.47,-5
Cyanobacteria,Nodularia spumigena,17.67665,59.06857,47.13000107,33.454,0.026,0.623,0.103,0.357,0.002,0.013,1.265,162.089,7.37,18.47,-5
Cyanobacteria,Nodularia spumigena,17.16621,61.27754,45.74300003,33.064,0.048,1.586,0,0.19,0.001,0.007,0.636,155.801,6,17.79,-2
Cyanobacteria,Nodularia spumigena,12.9066,55.785,47.98899841,33.5,0.019,0.274,0.265,0.213,0.003,0.005,4.716,154.483,9.53,18.43,-10
Cyanobacteria,Nodularia spumigena,12.796,55.869,46.73199844,32.789,0.035,0.52,0.169,0.19,0.003,0.009,8.641,151.075,9.53,18.15,-9
Cyanobacteria,Nodularia spumigena,13.0366,55.6866,50.62099838,33.934,0.01,0.166,0.298,0.222,0.002,0.004,1.905,153.808,9.46,18.8,-5
Cyanobacteria,Nodularia spumigena,11.6867,57.6675,47.29000092,33.27,0.186,2.271,0.017,0.244,0.004,0.032,16.321,136.74,10.28,18.76,-8
Cyanobacteria,Nodularia spumigena,11.58,58.23,46.51699829,33.284,0.026,2.206,0.013,0.254,0.003,0.016,14.094,135.185,14.06,18.21,-5
Cyanobacteria,Nodularia spumigena,11.4033,58.3433,48.50799942,34.499,0.008,2.052,0.011,0.254,0.003,0.016,13.147,132.063,9.07,19.68,-4
Cyanobacteria,Nodularia spumigena,11.7683,57.6788,47.29000092,33.27,0.195,2.282,0.019,0.237,0.004,0.032,16.299,137.765,9.19,19.21,-5
Cyanobacteria,Nodularia spumigena,16.30782,58.62837,44.23099899,32.143,0.027,0.848,0.11,0.374,0.002,0.007,1.313,162.201,7.33,18.6,-6
Cyanobacteria,Nodularia spumigena,17.8602,58.85202,48.53300095,33.017,0.026,0.612,0.103,0.357,0.002,0.013,1.287,161.392,7.59,18.94,-1
Cyanobacteria,Nodularia spumigena,17.40188,60.66549,46.19800186,32.036,0.086,1.673,0,0.193,0.002,0.013,0.513,158.621,6.87,17.59,-9
Cyanobacteria,Nodularia spumigena,11.81,58.1092,48.12099838,33.629,0.101,2.384,0.014,0.253,0.004,0.021,14.624,136.718,8.64,19.54,-3
Cyanobacteria,Nodularia spumigena,11.6667,57.9012,48.93799973,33.736,0.27,2.664,0.007,0.257,0.004,0.037,15.825,137.486,9.53,20.48,-3
Cyanobacteria,Nodularia spumigena,18.264,62.86367,48.19200134,34.782,0.04,1.716,0,0.209,0.001,0.007,1.146,153.718,6.08,17.33,-35
Cyanobacteria,Nodularia spumigena,11.76833,57.67883,47.29000092,33.27,0.195,2.282,0.019,0.237,0.004,0.032,16.299,137.765,9.19,19.21,-5
Cyanobacteria,Nodularia spumigena,17.63661,58.82318,47.39400101,33.614,0.01,0.632,0.11,0.354,0.001,0.006,1.387,161.813,7.9,18.57,-15
Cyanobacteria,Nodularia spumigena,19.80817,63.52467,47.5320015,35.81,0.188,2.506,0,0.2,0.001,0.014,1.596,157.802,5.91,16.63,-8
Cyanobacteria,Nodularia spumigena,12.51667,56.21833,47.36100006,32.784,0.053,0.684,0.1,0.168,0.004,0.013,11.685,145.565,9.77,18.85,-6
Cyanobacteria,Nodularia spumigena,12.79617,55.869,46.73199844,32.789,0.035,0.52,0.169,0.19,0.003,0.009,8.641,151.075,9.53,18.15,-9
Cyanobacteria,Nodularia spumigena,12.90667,55.785,47.98899841,33.5,0.019,0.274,0.265,0.213,0.003,0.005,4.716,154.483,9.53,18.43,-10
Cyanobacteria,Nodularia spumigena,12.88083,55.51333,47.57300186,33.606,0.01,0.178,0.297,0.222,0.002,0.004,2.116,154.386,9.1,18.05,-4
Cyanobacteria,Nodularia spumigena,14.82367,56.1115,46.15000153,32.357,0.033,0.252,0.224,0.33,0.002,0.008,1.101,142.721,9,19.21,-12
Cyanobacteria,Nodularia spumigena,17.62533,58.80317,47.39400101,33.614,0.01,0.632,0.11,0.354,0.001,0.006,1.387,161.813,7.9,18.57,-15
Cyanobacteria,Nodularia spumigena,18.9025,60.139,46.34999847,33.48,0.002,0.433,0.006,0.273,0,0.004,0.754,157.171,7.19,17.51,-86
Cyanobacteria,Nodularia spumigena,18.31829,59.29366,47.0019989,33.727,0,0.466,0.076,0.34,0,0.005,1.129,169.281,7.29,17.12,-12
Cyanobacteria,Nodularia spumigena,17.28443,58.7154,45.31100082,32.747,0.007,0.69,0.112,0.36,0.001,0.005,1.358,162.116,7.95,18.69,-8
Cyanobacteria,Nodularia spumigena,17.59841,58.86936,47.61000061,32.816,0.015,0.627,0.108,0.355,0.002,0.008,1.346,161.857,7.97,18.79,-10
Cyanobacteria,Nodularia spumigena,12.65217,56.3155,47.65800095,32.629,0.053,0.668,0.097,0.159,0.004,0.013,11.721,144.71,9.88,19.34,-20
Cyanobacteria,Nodularia spumigena,13.03667,55.68667,50.62099838,33.934,0.01,0.166,0.298,0.222,0.002,0.004,1.905,153.808,9.46,18.8,-5
Cyanobacteria,Nodularia spumigena,13.0188,55.34712,48.79100037,33.197,0.002,0.098,0.302,0.226,0.001,0.004,1.829,147.694,9.39,18.63,-10
Cyanobacteria,Nodularia spumigena,13.64303,55.38588,47.56299973,32.473,0,0.091,0.299,0.246,0,0.003,1.321,141.463,9.34,18.83,-15
Cyanobacteria,Nodularia spumigena,18.4275,62.957,50.47999954,32.69,0.039,1.764,0,0.208,0.001,0.007,1.191,153.967,5.85,15.94,-18
Cyanobacteria,Nodularia spumigena,18.77867,63.15867,47.53099823,34.427,0.029,1.888,0,0.206,0.001,0.008,1.296,155.607,6.41,16.42,-43
Cyanobacteria,Nodularia spumigena,18.70181,60.15101,46.21300125,34.309,0.002,0.46,0.004,0.26,0,0.004,0.724,157.719,7.29,17.12,-18
Cyanobacteria,Nodularia spumigena,19.8085,63.52467,47.5320015,35.81,0.188,2.506,0,0.2,0.001,0.014,1.596,157.802,5.91,16.63,-8
Cyanobacteria,Nodularia spumigena,12.79608,55.869,46.73199844,32.789,0.035,0.52,0.169,0.19,0.003,0.009,8.641,151.075,9.53,18.15,-9
Cyanobacteria,Nodularia spumigena,20.52082,63.69362,47.86800003,35.763,0.905,2.561,0,0.15,0.001,0.016,2.403,156.68,5.75,16.1,-11
Cyanobacteria,Nodularia spumigena,20.32083,63.60971,47.24900055,35.451,0.658,2.555,0,0.18,0.001,0.018,2.02,156.954,5.89,16.34,-11
Cyanobacteria,Nodularia spumigena,17.4071,60.6623,46.19800186,32.036,0.086,1.673,0,0.193,0.002,0.013,0.513,158.621,6.87,17.59,-9
Cyanobacteria,Nodularia spumigena,17.16637,60.95757,47.04999924,32.549,0.07,1.544,0,0.188,0.001,0.01,0.547,156.739,5.94,15.83,-5
Cyanobacteria,Nodularia spumigena,17.28398,60.69692,46.9469986,33.455,0.093,1.679,0,0.191,0.002,0.013,0.508,158.26,6.58,16.86,-5
Cyanobacteria,Nodularia spumigena,19.81917,63.49967,47.87400055,35.638,0.111,2.47,0,0.2,0.001,0.012,1.58,157.996,5.84,16.02,-10
Cyanobacteria,Nodularia spumigena,18.6734,59.37828,45.74700165,31.997,0,0.465,0.069,0.342,0,0.005,1.188,168.793,7.71,17.59,-5
Cyanobacteria,Nodularia spumigena,18.38358,59.26851,47.0019989,33.727,0,0.464,0.076,0.339,0,0.005,1.132,169.488,7.38,17.07,-4
Cyanobacteria,Nodularia spumigena,18.2635,62.86367,48.19200134,34.782,0.04,1.716,0,0.209,0.001,0.007,1.146,153.718,6.08,17.33,-35
Cyanobacteria,Nodularia spumigena,18.34321,59.36615,47.54199982,32.73,0,0.434,0.072,0.333,0,0.004,1.161,170.985,7.32,17.35,-2
Cyanobacteria,Nodularia spumigena,18.39062,59.43943,45.49300003,32.855,0,0.433,0.071,0.333,0,0.004,1.149,170.503,7.46,17.19,-9
Cyanobacteria,Nodularia spumigena,18.26433,62.86317,48.19200134,34.782,0.04,1.716,0,0.209,0.001,0.007,1.146,153.718,6.08,17.33,-35
Cyanobacteria,Nodularia spumigena,18.50733,63.06567,47.13299942,33.781,0.035,1.83,0,0.207,0.001,0.007,1.241,154.711,6.24,16.34,-27
Cyanobacteria,Nodularia spumigena,18.87417,63.26733,46.75999832,33.667,0.021,2.017,0,0.207,0.001,0.008,1.334,156.863,5.66,17.45,-4
Cyanobacteria,Nodularia spumigena,18.86383,63.28317,46.75999832,33.667,0.021,2.017,0,0.207,0.001,0.008,1.334,156.863,5.66,17.45,-4
Cyanobacteria,Nodularia spumigena,18.33283,62.87683,48.19200134,34.782,0.04,1.716,0,0.209,0.001,0.007,1.146,153.718,6.08,17.33,-35
Cyanobacteria,Nodularia spumigena,18.68117,63.233,46.52000046,33.786,0.026,1.936,0,0.207,0.001,0.008,1.309,156.2,5.35,17.39,-12
Cyanobacteria,Nodularia spumigena,19.809,63.52467,47.5320015,35.81,0.188,2.506,0,0.2,0.001,0.014,1.596,157.802,5.91,16.63,-8
Cyanobacteria,Nodularia spumigena,18.31974,59.29523,47.0019989,33.727,0,0.466,0.076,0.34,0,0.005,1.129,169.281,7.29,17.12,-12
Cyanobacteria,Nodularia spumigena,25.3,60.25,48.10100174,35.305,5.744,11.916,0,0.211,0.002,0.016,2.717,167.157,7.23,18.26,-8
Cyanobacteria,Nodularia spumigena,18.42203,62.95872,50.47999954,32.69,0.039,1.764,0,0.208,0.001,0.007,1.191,153.967,5.85,15.94,-18
Cyanobacteria,Nodularia spumigena,18.58133,63.11483,46.68899918,33.773,0.033,1.848,0,0.207,0.001,0.007,1.287,155.1,6.11,16.45,-16
Cyanobacteria,Nodularia spumigena,18.571,63.06583,47.13299942,33.781,0.035,1.83,0,0.207,0.001,0.007,1.241,154.711,6.24,16.34,-27
Cyanobacteria,Nodularia spumigena,18.37725,59.32534,47.0019989,33.727,0,0.464,0.076,0.339,0,0.005,1.132,169.488,7.38,17.07,-4
Cyanobacteria,Nodularia spumigena,19.81883,63.49967,47.87400055,35.638,0.111,2.47,0,0.2,0.001,0.012,1.58,157.996,5.84,16.02,-10
Cyanobacteria,Nodularia spumigena,18.4104,62.95703,50.47999954,32.69,0.038,1.759,0,0.208,0.001,0.007,1.18,153.982,5.67,16.19,-25
Cyanobacteria,Nodularia spumigena,18.51235,62.94962,48.17499924,34.47,0.036,1.784,0,0.208,0.001,0.007,1.193,154.005,6.39,16.42,-46
Cyanobacteria,Nodularia spumigena,18.51717,63.0675,47.13299942,33.781,0.035,1.83,0,0.207,0.001,0.007,1.241,154.711,6.24,16.34,-27
Cyanobacteria,Nodularia spumigena,18.479,63.0265,47.13299942,33.781,0.035,1.827,0,0.207,0.001,0.007,1.22,154.702,5.64,16.23,-31
Cyanobacteria,Nodularia spumigena,18.41625,62.97395,50.47999954,32.69,0.038,1.759,0,0.208,0.001,0.007,1.18,153.982,5.67,16.19,-25
Cyanobacteria,Nodularia spumigena,18.57533,63.0055,47.13299942,33.781,0.035,1.83,0,0.207,0.001,0.007,1.241,154.711,6.24,16.34,-27
Cyanobacteria,Nodularia spumigena,18.41863,62.96407,50.47999954,32.69,0.039,1.764,0,0.208,0.001,0.007,1.191,153.967,5.85,15.94,-18
Cyanobacteria,Nodularia spumigena,16.56369,58.44863,45.32400131,32.907,0.028,0.875,0.112,0.374,0.002,0.008,1.27,161.915,6.88,18.3,-2
Cyanobacteria,Nodularia spumigena,11.5933,57.9197,46.43299866,33.611,0.184,2.499,0.011,0.256,0.004,0.03,15.229,136.876,9.68,20.08,-2
Cyanobacteria,Nodularia spumigena,19.8085,63.525,47.5320015,35.81,0.188,2.506,0,0.2,0.001,0.014,1.596,157.802,5.91,16.63,-8
Cyanobacteria,Nodularia spumigena,16.67167,57.99967,46.59899902,31.631,0.021,0.832,0.146,0.356,0.002,0.006,1.145,157.462,7.3,18.23,-2
Cyanobacteria,Nodularia spumigena,18.42883,63.012,47.13299942,33.781,0.035,1.827,0,0.207,0.001,0.007,1.22,154.702,5.64,16.23,-31
Cyanobacteria,Nodularia spumigena,18.72433,63.10883,47.53099823,34.427,0.031,1.885,0,0.206,0.001,0.008,1.293,155.54,6.36,16.33,-42
Cyanobacteria,Nodularia spumigena,18.64533,63.12933,47.53099823,34.427,0.029,1.879,0,0.207,0.001,0.007,1.29,155.454,6.22,16.1,-31
Cyanobacteria,Nodularia spumigena,18.64783,63.17067,48.79999924,34.594,0.026,1.931,0,0.207,0.001,0.008,1.305,156.036,5.48,15.14,-8
Cyanobacteria,Nodularia spumigena,16.73017,58.38933,49.53499985,34.087,0.028,0.894,0.116,0.373,0.002,0.008,1.264,161.386,7.54,17.57,-6
Cyanobacteria,Nodularia spumigena,11.7733,58.3125,46.09400177,32.943,0.067,2.282,0.012,0.254,0.003,0.019,13.89,135.276,9.01,19.06,-9
Cyanobacteria,Nodularia spumigena,16.75339,57.99857,46.59899902,31.631,0.021,0.835,0.145,0.356,0.002,0.006,1.142,157.627,7.81,18.35,-9
Cyanobacteria,Nodularia spumigena,19.819,63.49967,47.87400055,35.638,0.111,2.47,0,0.2,0.001,0.012,1.58,157.996,5.84,16.02,-10
Cyanobacteria,Nodularia spumigena,18.26383,62.86367,48.19200134,34.782,0.04,1.716,0,0.209,0.001,0.007,1.146,153.718,6.08,17.33,-35
Cyanobacteria,Nodularia spumigena,12.51667,56.21667,47.36100006,32.784,0.053,0.684,0.1,0.168,0.004,0.013,11.685,145.565,9.77,18.85,-6
Cyanobacteria,Nodularia spumigena,16.76903,58.61156,46.0530014,33.529,0.029,0.85,0.108,0.374,0.002,0.008,1.32,162.445,7.75,18.6,-10
Cyanobacteria,Nodularia spumigena,19.80817,63.525,47.5320015,35.81,0.188,2.506,0,0.2,0.001,0.014,1.596,157.802,5.91,16.63,-8
Cyanobacteria,Nodularia spumigena,17.62533,58.803,47.39400101,33.614,0.01,0.632,0.11,0.354,0.001,0.006,1.387,161.813,7.9,18.57,-15
Cyanobacteria,Nodularia spumigena,18.2645,62.8635,48.19200134,34.782,0.04,1.716,0,0.209,0.001,0.007,1.146,153.718,6.08,17.33,-35
Cyanobacteria,Nodularia spumigena,21.04117,64.82983,44.97299957,35.275,3.282,3.11,0,0.043,0,0.006,3.345,147.572,4.81,15.79,-6
Cyanobacteria,Nodularia spumigena,18.26567,62.86333,48.19200134,34.782,0.04,1.716,0,0.209,0.001,0.007,1.146,153.718,6.08,17.33,-35
Cyanobacteria,Nodularia spumigena,18.7065,63.15433,47.53099823,34.427,0.031,1.885,0,0.206,0.001,0.008,1.293,155.54,6.36,16.33,-42
Cyanobacteria,Nodularia spumigena,19.822,63.50083,47.5320015,35.81,0.188,2.506,0,0.2,0.001,0.014,1.596,157.802,5.91,16.63,-8
Cyanobacteria,Nodularia spumigena,19.8075,63.525,47.5320015,35.81,0.188,2.506,0,0.2,0.001,0.014,1.596,157.802,5.91,16.63,-8
Cyanobacteria,Nodularia spumigena,19.807,63.5255,47.5320015,35.81,0.188,2.506,0,0.2,0.001,0.014,1.596,157.802,5.91,16.63,-8
Cyanobacteria,Nodularia spumigena,11.10333,58.86833,47.4659996,32.869,0.106,2.272,0.001,0.254,0.002,0.034,12.555,126.521,9.34,18.65,-50
Cyanobacteria,Nodularia spumigena,14.2975,55.65,45.64300156,30.747,0.009,0.222,0.255,0.303,0.001,0.005,1.044,138.674,9.1,18.71,-20
Cyanobacteria,Nodularia spumigena,18.91088,57.68527,50.17599869,33.663,0,0.288,0.185,0.285,0,0.003,0.63,150.021,8.64,18.99,-7
Cyanobacteria,Nodularia spumigena,18.13132,57.40002,50.19800186,35.024,0,0.642,0.185,0.297,0,0.004,0.757,141.454,8.9,18.7,-9
Cyanobacteria,Nodularia spumigena,18.59833,57.855,51.05599976,34.554,0,0.514,0.167,0.284,0,0.004,0.731,141.429,8.39,18.05,-47
Cyanobacteria,Nodularia spumigena,19.03677,57.89317,50.25400162,33.951,0,0.373,0.174,0.284,0,0.004,0.673,146.989,8.22,18.45,-6
Cyanobacteria,Nodularia spumigena,18.86117,59.63282,50.53900146,34.374,0.001,0.416,0.049,0.318,0,0.004,1.12,164.445,7.08,17.1,-2
Cyanobacteria,Nodularia spumigena,18.26383,62.86383,48.19200134,34.782,0.04,1.716,0,0.209,0.001,0.007,1.146,153.718,6.08,17.33,-35
Cyanobacteria,Nodularia spumigena,19.80867,63.52533,47.5320015,35.81,0.188,2.506,0,0.2,0.001,0.014,1.596,157.802,5.91,16.63,-8
Cyanobacteria,Nodularia spumigena,18.26433,62.864,48.19200134,34.782,0.04,1.716,0,0.209,0.001,0.007,1.146,153.718,6.08,17.33,-35
Cyanobacteria,Nodularia spumigena,18.2925,63.0035,46.68600082,32.934,0.039,1.806,0,0.208,0.001,0.007,1.209,154.628,5.69,16.09,-7
Cyanobacteria,Nodularia spumigena,18.44812,62.94882,50.47999954,32.69,0.039,1.764,0,0.208,0.001,0.007,1.191,153.967,5.85,15.94,-18
Cyanobacteria,Nodularia spumigena,11.68667,57.6675,47.29000092,33.27,0.186,2.271,0.017,0.244,0.004,0.032,16.321,136.74,10.28,18.76,-8
Cyanobacteria,Nodularia spumigena,11.40333,58.34333,48.50799942,34.499,0.008,2.052,0.011,0.254,0.003,0.016,13.147,132.063,9.07,19.68,-4
Cyanobacteria,Nodularia spumigena,11.59333,57.91967,46.43299866,33.611,0.184,2.499,0.011,0.256,0.004,0.03,15.229,136.876,9.68,20.08,-2
Cyanobacteria,Nodularia spumigena,14.82417,56.11167,46.15000153,32.357,0.033,0.252,0.224,0.33,0.002,0.008,1.101,142.721,9,19.21,-12
Cyanobacteria,Nodularia spumigena,18.11402,59.0411,46.43500137,32.775,0.032,0.597,0.092,0.36,0.001,0.017,1.125,161.94,7.79,17.42,-9
Cyanobacteria,Nodularia spumigena,17.9032,58.85692,48.53300095,33.017,0.026,0.612,0.103,0.357,0.002,0.013,1.287,161.392,7.59,18.94,-1
Cyanobacteria,Nodularia spumigena,17.03853,58.64547,46.22999954,33.573,0.025,0.821,0.106,0.372,0.002,0.007,1.349,163.06,7.79,18.32,-16
Cyanobacteria,Nodularia spumigena,18.90833,60.13667,46.34999847,33.48,0.002,0.433,0.006,0.273,0,0.004,0.754,157.171,7.19,17.51,-86
Cyanobacteria,Nodularia spumigena,11.43333,58.25833,47.83399963,32.209,0.013,2.128,0.012,0.254,0.003,0.016,13.748,134.48,9.26,19.05,-19
Cyanobacteria,Nodularia spumigena,19.8095,63.525,47.5320015,35.81,0.188,2.506,0,0.2,0.001,0.014,1.596,157.802,5.91,16.63,-8
Cyanobacteria,Nodularia spumigena,17.61667,58.8,47.39400101,33.614,0.01,0.632,0.11,0.354,0.001,0.006,1.387,161.813,7.9,18.57,-15
Cyanobacteria,Nodularia spumigena,18.26617,62.864,48.19200134,34.782,0.04,1.716,0,0.209,0.001,0.007,1.146,153.718,6.08,17.33,-35
Cyanobacteria,Nodularia spumigena,17.56452,62.34492,48.00899887,33.621,0.334,3.331,0.001,0.219,0.001,0.034,0.847,153.938,6.37,16.94,-27
Cyanobacteria,Nodularia spumigena,20.33733,63.70217,47.48699951,35.042,0.893,2.564,0,0.164,0.001,0.017,2.201,156.566,5.8,17.9,-5
Cyanobacteria,Nodularia spumigena,19.80733,63.52483,47.5320015,35.81,0.188,2.506,0,0.2,0.001,0.014,1.596,157.802,5.91,16.63,-8
Cyanobacteria,Nodularia spumigena,18.26333,62.86383,48.19200134,34.782,0.04,1.716,0,0.209,0.001,0.007,1.146,153.718,6.08,17.33,-35
Cyanobacteria,Nodularia spumigena,18.26317,62.863,48.19200134,34.782,0.04,1.716,0,0.209,0.001,0.007,1.146,153.718,6.08,17.33,-35
Cyanobacteria,Nodularia spumigena,11.692,57.67817,47.29000092,33.27,0.186,2.271,0.017,0.244,0.004,0.032,16.321,136.74,10.28,18.76,-8
Cyanobacteria,Nodularia spumigena,19.81883,63.49933,47.87400055,35.638,0.111,2.47,0,0.2,0.001,0.012,1.58,157.996,5.84,16.02,-10
Cyanobacteria,Nodularia spumigena,11.77333,58.3125,46.09400177,32.943,0.067,2.282,0.012,0.254,0.003,0.019,13.89,135.276,9.01,19.06,-9
Cyanobacteria,Nodularia spumigena,12.44606,56.30199,46.85900116,31.738,0.047,0.659,0.099,0.16,0.003,0.012,11.719,144.53,9.9,18.97,-22
Cyanobacteria,Nodularia spumigena,12.88583,55.48083,48.47900009,33.901,0.009,0.171,0.298,0.222,0.002,0.004,2.1,153.756,9.67,18.79,-4
Cyanobacteria,Nodularia spumigena,12.6,55.68,45.06600189,31.806,0.014,0.242,0.275,0.218,0.002,0.004,2.38,155.764,9.58,18.45,-7
Cyanobacteria,Nodularia spumigena,19.8075,63.52517,47.5320015,35.81,0.188,2.506,0,0.2,0.001,0.014,1.596,157.802,5.91,16.63,-8
Cyanobacteria,Nodularia spumigena,19.79733,63.50783,47.5320015,35.81,0.188,2.506,0,0.2,0.001,0.014,1.596,157.802,5.91,16.63,-8
Cyanobacteria,Nodularia spumigena,19.825,63.49167,47.87400055,35.638,0.111,2.47,0,0.2,0.001,0.012,1.58,157.996,5.84,16.02,-10
Cyanobacteria,Nodularia spumigena,12.42,55.080002,47.28499985,32.179,0.001,0.145,0.294,0.229,0,0.005,3.387,153.451,9.45,18.39,-12
Cyanobacteria,Nodularia spumigena,10,55,45.48600006,33.532,0.031,0.762,0.191,0.226,0.005,0.006,14.3,150.209,10.23,19.13,-31
Cyanobacteria,Nodularia spumigena,12.8875,55.8025,47.98899841,33.5,0.019,0.274,0.265,0.213,0.003,0.005,4.716,154.483,9.53,18.43,-10
Cyanobacteria,Nodularia spumigena,12.53333,56.49167,48.0909996,31.795,0.053,0.678,0.093,0.149,0.004,0.012,11.656,144.435,9.9,19.25,-20
Cyanobacteria,Nodularia spumigena,12.9725,55.66667,45.54299927,32.739,0.01,0.17,0.298,0.222,0.002,0.004,2.099,154.098,9.53,18.57,-9
Cyanobacteria,Nodularia spumigena,14.9,55.220001,49.07300186,33.98,0,0.222,0.293,0.269,0,0.003,0.939,136.883,9.42,18.51,-36
Cyanobacteria,Nodularia spumigena,13.388056,54.097222,44.88499832,30.561,0.085,4.452,0.356,0.382,0.007,0.036,3.078,174.939,10.24,20.1,-14
Cyanobacteria,Nodularia spumigena,13.0593,55.674429,50.62099838,33.934,0.01,0.166,0.298,0.222,0.002,0.004,1.905,153.808,9.46,18.8,-5
Cyanobacteria,Nodularia spumigena,13.07933,55.688171,50.62099838,33.934,0.01,0.166,0.298,0.222,0.002,0.004,1.905,153.808,9.46,18.8,-5
Cyanobacteria,Aphanizomenon flos-aquae,16.5989,57.887,46.57099915,33.236,0.023,0.829,0.15,0.355,0.002,0.006,1.089,156.54,8.26,18.25,-8
Cyanobacteria,Aphanizomenon flos-aquae,23.2538,59.8822,47.97800064,36.059,0.334,11.073,0,0.267,0.001,0.017,2.055,171.411,7.41,17.9,-5
Cyanobacteria,Aphanizomenon flos-aquae,18.03,60.48,48.26699829,30.685,0.015,1.216,0,0.199,0.001,0.007,0.527,160.6,7.17,17.49,-8
Cyanobacteria,Aphanizomenon flos-aquae,16.8513,57.1505,47.94300079,33.234,0.003,0.464,0.182,0.33,0.001,0.004,1.022,149.893,8.41,18.67,-27
Cyanobacteria,Aphanizomenon flos-aquae,11.9371,57.50609,47.57699966,32.994,0.109,1.781,0.051,0.203,0.003,0.023,15.883,139.334,9.8,19.52,-1
Cyanobacteria,Aphanizomenon flos-aquae,18.689432,59.305212,49.36700058,34.977,0,0.497,0.074,0.349,0,0.005,1.166,168.117,6.96,16.54,-13
Cyanobacteria,Anabaena,11.310001,64.47,39.67200089,28.906,0.022,6.007,0.026,0.454,0,0.033,3.063,72.804,7.13,15.38,-36
Cyanobacteria,Anabaena,22.3745,65.80733,46.29199982,36.824,3.813,4.388,0,0.049,0,0.005,3.12,158.015,6.39,17.32,-5
Cyanobacteria,Anabaena,18.8527,59.31379,48.34799957,34.089,0,0.52,0.07,0.354,0,0.005,1.169,165.488,7.61,17.73,-14
Cyanobacteria,Anabaena,10.569384,59.814999,44.97100067,31.233,0.398,3.545,0.001,0.259,0.003,0.045,12.462,126.838,8.91,18.46,-60
Cyanobacteria,Anabaena,18.70947,59.33299,49.36700058,34.977,0,0.497,0.074,0.349,0,0.005,1.166,168.117,6.96,16.54,-13
Cyanobacteria,Anabaena,18.26417,62.8635,48.19200134,34.782,0.04,1.716,0,0.209,0.001,0.007,1.146,153.718,6.08,17.33,-35
Cyanobacteria,Anabaena,19.81867,63.49967,47.87400055,35.638,0.111,2.47,0,0.2,0.001,0.012,1.58,157.996,5.84,16.02,-10
Cyanobacteria,Anabaena,18.2655,62.86367,48.19200134,34.782,0.04,1.716,0,0.209,0.001,0.007,1.146,153.718,6.08,17.33,-35
Cyanobacteria,Anabaena,19.81917,63.499,47.87400055,35.638,0.111,2.47,0,0.2,0.001,0.012,1.58,157.996,5.84,16.02,-10
Cyanobacteria,Anabaena,22.44717,65.72967,44.95100021,35.6,3.807,4.424,0,0.05,0,0.004,3.121,157.722,6.11,17.3,-6
Cyanobacteria,Anabaena,18.90051,59.74159,49.34899902,33.862,0.001,0.394,0.041,0.305,0,0.004,1.061,162.468,7.45,17.42,-1
Cyanobacteria,Anabaena,22.37533,65.80733,46.29199982,36.824,3.813,4.388,0,0.049,0,0.005,3.12,158.015,6.39,17.32,-5
Cyanobacteria,Anabaena,18.2655,62.8635,48.19200134,34.782,0.04,1.716,0,0.209,0.001,0.007,1.146,153.718,6.08,17.33,-35
Cyanobacteria,Anabaena,18.26467,62.86367,48.19200134,34.782,0.04,1.716,0,0.209,0.001,0.007,1.146,153.718,6.08,17.33,-35
Cyanobacteria,Anabaena,22.44767,65.73033,44.95100021,35.6,3.807,4.424,0,0.05,0,0.004,3.121,157.722,6.11,17.3,-6
Cyanobacteria,Anabaena,18.6845,63.237,46.52000046,33.786,0.026,1.936,0,0.207,0.001,0.008,1.309,156.2,5.35,17.39,-12
Cyanobacteria,Anabaena,18.70367,63.21883,46.52000046,33.786,0.026,1.936,0,0.207,0.001,0.008,1.309,156.2,5.35,17.39,-12
Cyanobacteria,Anabaena,18.755,63.22217,46.52000046,33.786,0.024,1.944,0,0.206,0.001,0.008,1.313,156.53,5.91,16.1,-16
Cyanobacteria,Anabaena,18.703,63.22833,46.52000046,33.786,0.026,1.936,0,0.207,0.001,0.008,1.309,156.2,5.35,17.39,-12
Cyanobacteria,Anabaena,18.85633,63.28367,46.75999832,33.667,0.021,2.017,0,0.207,0.001,0.008,1.334,156.863,5.66,17.45,-4
Cyanobacteria,Anabaena,18.86833,63.28133,46.75999832,33.667,0.021,2.017,0,0.207,0.001,0.008,1.334,156.863,5.66,17.45,-4
Cyanobacteria,Anabaena,18.12167,62.814,46.9980011,33.648,0.062,1.76,0,0.209,0.001,0.009,1.071,153.842,6.06,17.65,-23
Cyanobacteria,Anabaena,18.0505,62.83117,47.26100159,33.592,0.065,1.769,0,0.209,0.001,0.01,1.049,153.831,5.88,18.17,-35
Cyanobacteria,Anabaena,18.07633,62.8365,44.3769989,31.883,0.038,1.713,0,0.209,0.001,0.007,1.114,153.774,5.8,19.97,-13
Cyanobacteria,Anabaena,18.0035,62.8365,44.3769989,31.883,0.038,1.713,0,0.209,0.001,0.007,1.114,153.774,5.8,19.97,-13
Cyanobacteria,Anabaena,18.32867,62.87167,48.19200134,34.782,0.04,1.716,0,0.209,0.001,0.007,1.146,153.718,6.08,17.33,-35
Cyanobacteria,Anabaena,18.52844,59.23552,47.12200165,33.525,0,0.525,0.08,0.353,0,0.005,1.114,166.119,7.75,17.69,-22
Cyanobacteria,Anabaena,18.263,62.8635,48.19200134,34.782,0.04,1.716,0,0.209,0.001,0.007,1.146,153.718,6.08,17.33,-35
Cyanobacteria,Anabaena,22.37617,65.80833,46.29199982,36.824,3.813,4.388,0,0.049,0,0.005,3.12,158.015,6.39,17.32,-5
Cyanobacteria,Anabaena,22.44667,65.73417,44.95100021,35.6,3.807,4.424,0,0.05,0,0.004,3.121,157.722,6.11,17.3,-6
Cyanobacteria,Anabaena,18.73267,63.2345,46.52000046,33.786,0.026,1.936,0,0.207,0.001,0.008,1.309,156.2,5.35,17.39,-12
Cyanobacteria,Anabaena,18.86083,63.28167,46.75999832,33.667,0.021,2.017,0,0.207,0.001,0.008,1.334,156.863,5.66,17.45,-4
Cyanobacteria,Anabaena,18.8735,63.265,46.75999832,33.667,0.021,2.017,0,0.207,0.001,0.008,1.334,156.863,5.66,17.45,-4
Cyanobacteria,Anabaena,18.08867,62.81617,46.9980011,33.648,0.062,1.76,0,0.209,0.001,0.009,1.071,153.842,6.06,17.65,-23
Cyanobacteria,Anabaena,18.03383,62.85067,44.3769989,31.883,0.038,1.713,0,0.209,0.001,0.007,1.114,153.774,5.8,19.97,-13
Cyanobacteria,Anabaena,18.32533,62.87,48.19200134,34.782,0.04,1.716,0,0.209,0.001,0.007,1.146,153.718,6.08,17.33,-35
Cyanobacteria,Anabaena,18.51828,63.07405,47.13299942,33.781,0.035,1.83,0,0.207,0.001,0.007,1.241,154.711,6.24,16.34,-27
Cyanobacteria,Anabaena,18.48355,63.0407,47.13299942,33.781,0.035,1.827,0,0.207,0.001,0.007,1.22,154.702,5.64,16.23,-31
Cyanobacteria,Anabaena,19.07576,59.72191,48.08100128,33.787,0.001,0.392,0.04,0.303,0,0.004,1.017,162.225,7.49,17.73,-8
Cyanobacteria,Anabaena,18.95156,59.77823,49.05500031,34.375,0.002,0.381,0.032,0.297,0,0.004,0.95,160.512,7.07,17.09,-1
Cyanobacteria,Anabaena,18.26383,62.863,48.19200134,34.782,0.04,1.716,0,0.209,0.001,0.007,1.146,153.718,6.08,17.33,-35
Cyanobacteria,Anabaena,22.44667,65.73,44.95100021,35.6,3.807,4.424,0,0.05,0,0.004,3.121,157.722,6.11,17.3,-6
Cyanobacteria,Anabaena,19.81967,63.49883,47.87400055,35.638,0.111,2.47,0,0.2,0.001,0.012,1.58,157.996,5.84,16.02,-10
Cyanobacteria,Anabaena,18.43413,62.9496,50.47999954,32.69,0.039,1.764,0,0.208,0.001,0.007,1.191,153.967,5.85,15.94,-18
Cyanobacteria,Anabaena,22.4465,65.72967,44.95100021,35.6,3.807,4.424,0,0.05,0,0.004,3.121,157.722,6.11,17.3,-6
Cyanobacteria,Anabaena,18.75983,63.22233,46.52000046,33.786,0.024,1.944,0,0.206,0.001,0.008,1.313,156.53,5.91,16.1,-16
Cyanobacteria,Anabaena,18.71267,63.231,46.52000046,33.786,0.026,1.936,0,0.207,0.001,0.008,1.309,156.2,5.35,17.39,-12
Cyanobacteria,Anabaena,17.70367,62.99317,45.48699951,31.301,0.076,1.841,0,0.209,0.001,0.01,1.092,154.245,5.32,18.33,-6
Cyanobacteria,Anabaena,18.8795,63.26983,46.75999832,33.667,0.021,2.017,0,0.207,0.001,0.008,1.334,156.863,5.66,17.45,-4
Cyanobacteria,Anabaena,18.56283,63.09017,46.68899918,33.773,0.033,1.848,0,0.207,0.001,0.007,1.287,155.1,6.11,16.45,-16
Cyanobacteria,Anabaena,18.03633,62.82367,47.26100159,33.592,0.065,1.769,0,0.209,0.001,0.01,1.049,153.831,5.88,18.17,-35
Cyanobacteria,Anabaena,18.329,62.87117,48.19200134,34.782,0.04,1.716,0,0.209,0.001,0.007,1.146,153.718,6.08,17.33,-35
Cyanobacteria,Anabaena,18.7405,63.234,46.52000046,33.786,0.026,1.936,0,0.207,0.001,0.008,1.309,156.2,5.35,17.39,-12
Cyanobacteria,Anabaena,18.709,63.21183,46.52000046,33.786,0.026,1.936,0,0.207,0.001,0.008,1.309,156.2,5.35,17.39,-12
Cyanobacteria,Anabaena,17.723,62.987,45.48699951,31.301,0.076,1.841,0,0.209,0.001,0.01,1.092,154.245,5.32,18.33,-6
Cyanobacteria,Anabaena,18.85833,63.28283,46.75999832,33.667,0.021,2.017,0,0.207,0.001,0.008,1.334,156.863,5.66,17.45,-4
Cyanobacteria,Anabaena,18.5855,63.099,47.53099823,34.427,0.029,1.879,0,0.207,0.001,0.007,1.29,155.454,6.22,16.1,-31
Cyanobacteria,Anabaena,18.027,62.81867,47.26100159,33.592,0.065,1.769,0,0.209,0.001,0.01,1.049,153.831,5.88,18.17,-35
Cyanobacteria,Anabaena,18.0235,62.84067,44.3769989,31.883,0.038,1.713,0,0.209,0.001,0.007,1.114,153.774,5.8,19.97,-13
Cyanobacteria,Anabaena,18.33067,62.87283,48.19200134,34.782,0.04,1.716,0,0.209,0.001,0.007,1.146,153.718,6.08,17.33,-35
Cyanobacteria,Anabaena,10.2747,56.062,43.0530014,33.176,0.014,0.55,0.158,0.246,0.003,0.007,16.474,137.611,9.76,18.37,-9
Cyanobacteria,Anabaena,18.2615,62.864,48.19200134,34.782,0.04,1.716,0,0.209,0.001,0.007,1.146,153.718,6.08,17.33,-35
Cyanobacteria,Anabaena,22.37483,65.8075,46.29199982,36.824,3.813,4.388,0,0.049,0,0.005,3.12,158.015,6.39,17.32,-5
Cyanobacteria,Anabaena,22.44717,65.73017,44.95100021,35.6,3.807,4.424,0,0.05,0,0.004,3.121,157.722,6.11,17.3,-6
Cyanobacteria,Anabaena,18.44667,63.039,47.13299942,33.781,0.035,1.827,0,0.207,0.001,0.007,1.22,154.702,5.64,16.23,-31
Cyanobacteria,Anabaena,18.61483,63.1725,48.79999924,34.594,0.026,1.931,0,0.207,0.001,0.008,1.305,156.036,5.48,15.14,-8
Cyanobacteria,Anabaena,19.02881,59.78752,49.05500031,34.375,0.001,0.373,0.032,0.294,0,0.004,0.951,160.466,7.06,17.43,-8
Cyanobacteria,Anabaena,18.75583,63.2285,46.52000046,33.786,0.024,1.944,0,0.206,0.001,0.008,1.313,156.53,5.91,16.1,-16
Cyanobacteria,Anabaena,18.70817,63.22617,46.52000046,33.786,0.026,1.936,0,0.207,0.001,0.008,1.309,156.2,5.35,17.39,-12
Cyanobacteria,Anabaena,17.699,62.99733,45.48699951,31.301,0.076,1.841,0,0.209,0.001,0.01,1.092,154.245,5.32,18.33,-6
Cyanobacteria,Anabaena,18.86133,63.28017,46.75999832,33.667,0.021,2.017,0,0.207,0.001,0.008,1.334,156.863,5.66,17.45,-4
Cyanobacteria,Anabaena,18.05433,62.832,47.26100159,33.592,0.065,1.769,0,0.209,0.001,0.01,1.049,153.831,5.88,18.17,-35
Cyanobacteria,Anabaena,18.00033,62.83517,44.3769989,31.883,0.038,1.713,0,0.209,0.001,0.007,1.114,153.774,5.8,19.97,-13
Cyanobacteria,Anabaena,18.326,62.87017,48.19200134,34.782,0.04,1.716,0,0.209,0.001,0.007,1.146,153.718,6.08,17.33,-35
Cyanobacteria,Anabaena,19.80817,63.52517,47.5320015,35.81,0.188,2.506,0,0.2,0.001,0.014,1.596,157.802,5.91,16.63,-8
Cyanobacteria,Anabaena,22.375,65.8075,46.29199982,36.824,3.813,4.388,0,0.049,0,0.005,3.12,158.015,6.39,17.32,-5
Cyanobacteria,Anabaena,18.26367,62.86367,48.19200134,34.782,0.04,1.716,0,0.209,0.001,0.007,1.146,153.718,6.08,17.33,-35
Cyanobacteria,Anabaena,18.264,62.864,48.19200134,34.782,0.04,1.716,0,0.209,0.001,0.007,1.146,153.718,6.08,17.33,-35
Cyanobacteria,Anabaena,22.4465,65.72983,44.95100021,35.6,3.807,4.424,0,0.05,0,0.004,3.121,157.722,6.11,17.3,-6
Cyanobacteria,Anabaena,18.48382,60.17682,45.58300018,33.469,0.002,0.582,0.001,0.228,0,0.005,0.563,159.563,6.53,16.88,-3
Cyanobacteria,Anabaena,19.80867,63.52517,47.5320015,35.81,0.188,2.506,0,0.2,0.001,0.014,1.596,157.802,5.91,16.63,-8
Cyanobacteria,Anabaena,18.57657,60.10985,45.80099869,32.664,0.002,0.48,0.004,0.253,0,0.004,0.659,158.186,7.21,17.92,-11
Cyanobacteria,Anabaena,22.37417,65.80667,46.29199982,36.824,3.813,4.388,0,0.049,0,0.005,3.12,158.015,6.39,17.32,-5
Cyanobacteria,Anabaena,18.432,63.035,47.13299942,33.781,0.035,1.827,0,0.207,0.001,0.007,1.22,154.702,5.64,16.23,-31
Cyanobacteria,Anabaena,16.56367,58.44867,45.32400131,32.907,0.028,0.875,0.112,0.374,0.002,0.008,1.27,161.915,6.88,18.3,-2
Cyanobacteria,Anabaena,22.44683,65.73,44.95100021,35.6,3.807,4.424,0,0.05,0,0.004,3.121,157.722,6.11,17.3,-6
Cyanobacteria,Anabaena,16.38633,58.64067,46.99700165,32.7,0.027,0.849,0.11,0.374,0.002,0.007,1.314,162.221,7.63,18.76,-7
Cyanobacteria,Anabaena,19.92334,63.61536,46.22499847,34.649,0.406,2.579,0,0.194,0.001,0.016,1.774,157.483,5.98,16.35,-6
Cyanobacteria,Anabaena,19.92145,63.61183,46.22499847,34.649,0.406,2.579,0,0.194,0.001,0.016,1.774,157.483,5.98,16.35,-6
Cyanobacteria,Anabaena,22.27768,65.63102,47.01800156,36.952,3.749,4.282,0,0.046,0,0.004,3.126,157.799,5.81,18.02,-4
Cyanobacteria,Anabaena,22.27467,65.63079,47.01800156,36.952,3.749,4.282,0,0.046,0,0.004,3.126,157.799,5.81,18.02,-4
Cyanobacteria,Anabaena,22.11444,65.51672,46.88999939,36.566,3.78,4.027,0.001,0.042,0,0.009,3.132,156.155,5.32,18.2,-4
Cyanobacteria,Anabaena,20.43181,63.71095,47.48699951,35.042,0.999,2.564,0,0.162,0.001,0.018,2.371,156.449,5.76,16.05,-8
Cyanobacteria,Anabaena,20.42726,63.70906,47.48699951,35.042,0.999,2.564,0,0.162,0.001,0.018,2.371,156.449,5.76,16.05,-8
Cyanobacteria,Anabaena,21.03525,64.85757,44.92200089,35.032,3.37,3.029,0,0.041,0,0.006,3.343,147.328,3.95,15.19,-7
Cyanobacteria,Anabaena,20.69044,63.84903,43.66999817,33.301,1.112,2.999,0,0.092,0,0.01,2.882,154.137,5.54,15.83,-3
Cyanobacteria,Anabaena,20.70346,63.83087,47.55899811,36.222,1.013,2.82,0,0.103,0,0.011,2.749,155.588,5.55,15.92,-4
Cyanobacteria,Anabaena,21.97644,65.47475,45.86500168,36.599,3.643,3.86,0,0.039,0,0.006,3.159,155.212,4.94,17.55,-11
Cyanobacteria,Anabaena,22.04361,65.48991,45.86500168,36.599,3.664,3.886,0,0.04,0,0.006,3.157,155.255,5.42,17.36,-5
Cyanobacteria,Anabaena,22.25156,65.66445,47.01800156,36.952,3.749,4.282,0,0.046,0,0.004,3.126,157.799,5.81,18.02,-4
Cyanobacteria,Anabaena,20.39906,63.6908,47.48699951,35.042,0.893,2.564,0,0.164,0.001,0.017,2.201,156.566,5.8,17.9,-5
Cyanobacteria,Anabaena,20.39906,63.68799,47.48699951,35.042,0.893,2.564,0,0.164,0.001,0.017,2.201,156.566,5.8,17.9,-5
Cyanobacteria,Anabaena,22.446,65.73017,44.95100021,35.6,3.807,4.424,0,0.05,0,0.004,3.121,157.722,6.11,17.3,-6
Cyanobacteria,Anabaena,22.37533,65.80767,46.29199982,36.824,3.813,4.388,0,0.049,0,0.005,3.12,158.015,6.39,17.32,-5
Cyanobacteria,Anabaena,22.27341,65.62811,47.01800156,36.952,3.749,4.282,0,0.046,0,0.004,3.126,157.799,5.81,18.02,-4
Cyanobacteria,Anabaena,21.94304,65.5159,46.88999939,36.566,3.735,4.013,0,0.041,0,0.007,3.148,155.724,5.32,18.31,-9
Cyanobacteria,Anabaena,20.42767,63.71148,47.48699951,35.042,0.999,2.564,0,0.162,0.001,0.018,2.371,156.449,5.76,16.05,-8
Cyanobacteria,Anabaena,20.69433,63.84746,43.66999817,33.301,1.112,2.999,0,0.092,0,0.01,2.882,154.137,5.54,15.83,-3
Cyanobacteria,Anabaena,22.23952,65.66597,44.81600189,35.983,3.751,4.273,0,0.046,0,0.005,3.126,157.847,5.79,17.8,-5
Cyanobacteria,Anabaena,20.40458,63.68592,47.48699951,35.042,0.893,2.564,0,0.164,0.001,0.017,2.201,156.566,5.8,17.9,-5
Cyanobacteria,Anabaena,19.8185,63.5,47.87400055,35.638,0.111,2.47,0,0.2,0.001,0.012,1.58,157.996,5.84,16.02,-10
Cyanobacteria,Anabaena,22.44617,65.73017,44.95100021,35.6,3.807,4.424,0,0.05,0,0.004,3.121,157.722,6.11,17.3,-6
Cyanobacteria,Anabaena,22.448,65.73017,44.95100021,35.6,3.807,4.424,0,0.05,0,0.004,3.121,157.722,6.11,17.3,-6
Cyanobacteria,Anabaena,19.80833,63.52533,47.5320015,35.81,0.188,2.506,0,0.2,0.001,0.014,1.596,157.802,5.91,16.63,-8
Cyanobacteria,Anabaena,11.76167,57.98967,48.65399933,31.015,0.192,2.516,0.009,0.257,0.004,0.03,15.226,137.007,9.1,19.5,-10
Cyanobacteria,Anabaena,19.808,63.52467,47.5320015,35.81,0.188,2.506,0,0.2,0.001,0.014,1.596,157.802,5.91,16.63,-8
Cyanobacteria,Anabaena,22.44683,65.73017,44.95100021,35.6,3.807,4.424,0,0.05,0,0.004,3.121,157.722,6.11,17.3,-6
Cyanobacteria,Anabaena,19.17,63.29833,46.625,34.13,0.016,2.118,0,0.208,0,0.008,1.404,157.33,6.25,16.46,-15
Cyanobacteria,Anabaena,19.1375,63.2975,46.625,34.13,0.014,2.06,0,0.207,0,0.008,1.392,157.179,6.15,16.24,-5
Cyanobacteria,Anabaena,19.18167,63.3125,46.625,34.13,0.016,2.118,0,0.208,0,0.008,1.404,157.33,6.25,16.46,-15
Cyanobacteria,Anabaena,19.17797,63.31266,46.625,34.13,0.016,2.118,0,0.208,0,0.008,1.404,157.33,6.25,16.46,-15
Cyanobacteria,Anabaena,19.13652,63.29612,46.625,34.13,0.014,2.06,0,0.207,0,0.008,1.392,157.179,6.15,16.24,-5
Cyanobacteria,Anabaena,19.16534,63.29508,46.625,34.13,0.014,2.06,0,0.207,0,0.008,1.392,157.179,6.15,16.24,-5
Cyanobacteria,Anabaena,22.37617,65.80767,46.29199982,36.824,3.813,4.388,0,0.049,0,0.005,3.12,158.015,6.39,17.32,-5
Cyanobacteria,Anabaena,16.40717,58.60015,46.99700165,32.7,0.027,0.849,0.11,0.374,0.002,0.007,1.314,162.221,7.63,18.76,-7
Cyanobacteria,Anabaena,12.77883,56.48467,47.04399872,32.493,0.055,0.69,0.091,0.15,0.004,0.012,11.51,144.622,9.89,19.49,-14
Cyanobacteria,Anabaena,22.30867,65.6695,44.95100021,35.6,3.798,4.359,0,0.048,0,0.005,3.117,157.949,5.93,18.86,-9
Cyanobacteria,Anabaena,22.27183,65.68067,44.95100021,35.6,3.798,4.359,0,0.048,0,0.005,3.117,157.949,5.93,18.86,-9
Cyanobacteria,Anabaena,22.27917,65.6805,44.95100021,35.6,3.798,4.359,0,0.048,0,0.005,3.117,157.949,5.93,18.86,-9
Cyanobacteria,Anabaena,22.26583,65.6875,44.95100021,35.6,3.798,4.359,0,0.048,0,0.005,3.117,157.949,5.93,18.86,-9
Cyanobacteria,Anabaena,22.25167,65.66717,44.95100021,35.6,3.798,4.359,0,0.048,0,0.005,3.117,157.949,5.93,18.86,-9
Cyanobacteria,Anabaena,22.25783,65.6455,47.01800156,36.952,3.749,4.282,0,0.046,0,0.004,3.126,157.799,5.81,18.02,-4
Cyanobacteria,Anabaena,21.02817,64.84783,44.92200089,35.032,3.37,3.029,0,0.041,0,0.006,3.343,147.328,3.95,15.19,-7
Cyanobacteria,Anabaena,22.27983,65.627,47.01800156,36.952,3.749,4.282,0,0.046,0,0.004,3.126,157.799,5.81,18.02,-4
Cyanobacteria,Anabaena,21.037,64.85717,44.92200089,35.032,3.37,3.029,0,0.041,0,0.006,3.343,147.328,3.95,15.19,-7
Cyanobacteria,Anabaena,22.24217,65.67233,46.35100174,36.276,3.762,4.3,0,0.046,0,0.005,3.118,157.541,5.82,17.86,-4
Cyanobacteria,Anabaena,22.262,65.6595,47.01800156,36.952,3.749,4.282,0,0.046,0,0.004,3.126,157.799,5.81,18.02,-4
Cyanobacteria,Anabaena,21.42767,65.3105,43.85200119,35.831,3.402,3.395,0,0.039,0,0.004,3.247,152.05,4.9,16.05,-7
Cyanobacteria,Anabaena,21.08333,64.82317,44.97299957,35.275,3.282,3.11,0,0.043,0,0.006,3.345,147.572,4.81,15.79,-6
Cyanobacteria,Anabaena,20.37767,63.687,47.48699951,35.042,0.893,2.564,0,0.164,0.001,0.017,2.201,156.566,5.8,17.9,-5
Cyanobacteria,Anabaena,20.26233,63.66917,43.10200119,36.109,0.747,2.531,0,0.175,0.001,0.017,2.144,156.93,5.54,15.71,-4
Cyanobacteria,Anabaena,20.26533,63.66967,43.10200119,36.109,0.747,2.531,0,0.175,0.001,0.017,2.144,156.93,5.54,15.71,-4
Cyanobacteria,Anabaena,20.366,63.693,47.48699951,35.042,0.893,2.564,0,0.164,0.001,0.017,2.201,156.566,5.8,17.9,-5
Cyanobacteria,Anabaena,19.91667,63.61417,46.22499847,34.649,0.406,2.579,0,0.194,0.001,0.016,1.774,157.483,5.98,16.35,-6
Cyanobacteria,Anabaena,20.399,63.698,47.48699951,35.042,0.893,2.564,0,0.164,0.001,0.017,2.201,156.566,5.8,17.9,-5
Cyanobacteria,Anabaena,20.4055,63.686,47.48699951,35.042,0.893,2.564,0,0.164,0.001,0.017,2.201,156.566,5.8,17.9,-5
Cyanobacteria,Anabaena,20.406,63.6905,47.48699951,35.042,0.893,2.564,0,0.164,0.001,0.017,2.201,156.566,5.8,17.9,-5
Cyanobacteria,Anabaena,20.39867,63.68967,47.48699951,35.042,0.893,2.564,0,0.164,0.001,0.017,2.201,156.566,5.8,17.9,-5
Cyanobacteria,Anabaena,20.2735,63.66433,47.24900055,35.451,0.658,2.555,0,0.18,0.001,0.018,2.02,156.954,5.89,16.34,-11
Cyanobacteria,Anabaena,20.27233,63.65933,47.24900055,35.451,0.658,2.555,0,0.18,0.001,0.018,2.02,156.954,5.89,16.34,-11
Cyanobacteria,Anabaena,20.26433,63.66183,47.24900055,35.451,0.658,2.555,0,0.18,0.001,0.018,2.02,156.954,5.89,16.34,-11
Cyanobacteria,Anabaena,12.05,57.4067,46.5870018,32.755,0.054,1.289,0.077,0.182,0.003,0.015,15.529,142.258,9.08,19.73,-10
Cyanobacteria,Anabaena,12.0292,57.36,46.5870018,32.755,0.054,1.289,0.077,0.182,0.003,0.015,15.529,142.258,9.08,19.73,-10
Cyanobacteria,Anabaena,11.76833,57.67833,47.29000092,33.27,0.195,2.282,0.019,0.237,0.004,0.032,16.299,137.765,9.19,19.21,-5
Cyanobacteria,Anabaena,11.80833,57.535,46.74000168,32.631,0.155,2.013,0.039,0.213,0.003,0.028,15.741,138.838,9.89,19.37,-12
Cyanobacteria,Anabaena,21.69033,65.396,44.80400085,36.358,3.509,3.615,0,0.038,0,0.005,3.199,153.789,5.39,16.79,-9
Cyanobacteria,Anabaena,21.61583,65.31283,45.77399826,36.278,3.423,3.48,0,0.038,0,0.004,3.255,152.719,5.28,17.67,-8
Cyanobacteria,Anabaena,21.61017,65.31517,45.77399826,36.278,3.423,3.48,0,0.038,0,0.004,3.255,152.719,5.28,17.67,-8
Cyanobacteria,Anabaena,21.564,65.3825,44.79700089,36.774,3.504,3.603,0,0.039,0,0.005,3.227,153.681,5.17,17.97,-10
Cyanobacteria,Anabaena,21.57767,65.37167,44.79700089,36.774,3.504,3.603,0,0.039,0,0.005,3.227,153.681,5.17,17.97,-10
Cyanobacteria,Anabaena,21.11767,64.7845,44.97299957,35.275,3.297,3.103,0,0.043,0,0.006,3.347,147.581,5.24,16.08,-7
Cyanobacteria,Anabaena,21.53467,65.337,44.79700089,36.774,3.504,3.603,0,0.039,0,0.005,3.227,153.681,5.17,17.97,-10
Cyanobacteria,Anabaena,21.53733,65.34217,44.79700089,36.774,3.504,3.603,0,0.039,0,0.005,3.227,153.681,5.17,17.97,-10
Cyanobacteria,Anabaena,21.68417,65.393,44.80400085,36.358,3.509,3.615,0,0.038,0,0.005,3.199,153.789,5.39,16.79,-9
Cyanobacteria,Anabaena,21.6405,65.3145,45.77399826,36.278,3.423,3.48,0,0.038,0,0.004,3.255,152.719,5.28,17.67,-8
Cyanobacteria,Anabaena,21.66417,65.29467,45.77399826,36.278,3.423,3.48,0,0.038,0,0.004,3.255,152.719,5.28,17.67,-8
Cyanobacteria,Anabaena,21.55083,65.3805,44.79700089,36.774,3.504,3.603,0,0.039,0,0.005,3.227,153.681,5.17,17.97,-10
Cyanobacteria,Anabaena,21.52433,65.39383,44.79700089,36.774,3.504,3.603,0,0.039,0,0.005,3.227,153.681,5.17,17.97,-10
Cyanobacteria,Anabaena,21.52133,65.32117,45.77399826,36.278,3.421,3.475,0,0.038,0,0.004,3.25,152.616,5.71,16.41,-8
Cyanobacteria,Anabaena,21.49033,65.359,44.79700089,36.774,3.484,3.534,0,0.039,0,0.005,3.228,153.35,5.6,15.44,-17
Cyanobacteria,Anabaena,21.47217,65.34817,44.79700089,36.774,3.484,3.534,0,0.039,0,0.005,3.228,153.35,5.6,15.44,-17
Cyanobacteria,Anabaena,21.49783,65.35783,44.79700089,36.774,3.484,3.534,0,0.039,0,0.005,3.228,153.35,5.6,15.44,-17
Cyanobacteria,Anabaena,21.5325,65.3565,44.79700089,36.774,3.504,3.603,0,0.039,0,0.005,3.227,153.681,5.17,17.97,-10
Cyanobacteria,Anabaena,20.495,63.829,47.69800186,35.863,0.928,2.668,0,0.142,0.001,0.015,2.507,156.066,5.46,16.55,-3
Cyanobacteria,Anabaena,22.4475,65.73,44.95100021,35.6,3.807,4.424,0,0.05,0,0.004,3.121,157.722,6.11,17.3,-6
Cyanobacteria,Anabaena,17.36984,62.46244,47.91400146,32.743,0.324,3.207,0.001,0.219,0.001,0.033,0.858,154.009,4.81,16.11,-10
Cyanobacteria,Anabaena,22.30283,65.67783,44.95100021,35.6,3.798,4.359,0,0.048,0,0.005,3.117,157.949,5.93,18.86,-9
Cyanobacteria,Anabaena,22.31433,65.6705,44.95100021,35.6,3.798,4.359,0,0.048,0,0.005,3.117,157.949,5.93,18.86,-9
Cyanobacteria,Anabaena,22.24667,65.6535,44.81600189,35.983,3.751,4.273,0,0.046,0,0.005,3.126,157.847,5.79,17.8,-5
Cyanobacteria,Anabaena,21.08133,64.82517,44.97299957,35.275,3.282,3.11,0,0.043,0,0.006,3.345,147.572,4.81,15.79,-6
Cyanobacteria,Anabaena,21.3135,65.358,41.43500137,34.873,3.483,3.528,0,0.039,0,0.005,3.229,153.272,5.68,15.75,-17
Cyanobacteria,Anabaena,22.24633,65.65067,44.81600189,35.983,3.751,4.273,0,0.046,0,0.005,3.126,157.847,5.79,17.8,-5
Cyanobacteria,Anabaena,21.03417,64.85683,44.92200089,35.032,3.37,3.029,0,0.041,0,0.006,3.343,147.328,3.95,15.19,-7
Cyanobacteria,Anabaena,22.263,65.6365,47.01800156,36.952,3.749,4.282,0,0.046,0,0.004,3.126,157.799,5.81,18.02,-4
Cyanobacteria,Anabaena,20.379,63.6875,47.48699951,35.042,0.893,2.564,0,0.164,0.001,0.017,2.201,156.566,5.8,17.9,-5
Cyanobacteria,Anabaena,20.36667,63.69233,47.48699951,35.042,0.893,2.564,0,0.164,0.001,0.017,2.201,156.566,5.8,17.9,-5
Cyanobacteria,Anabaena,19.92233,63.61383,46.22499847,34.649,0.406,2.579,0,0.194,0.001,0.016,1.774,157.483,5.98,16.35,-6
Cyanobacteria,Anabaena,20.39717,63.69383,47.48699951,35.042,0.893,2.564,0,0.164,0.001,0.017,2.201,156.566,5.8,17.9,-5
Cyanobacteria,Anabaena,20.40433,63.69217,47.48699951,35.042,0.893,2.564,0,0.164,0.001,0.017,2.201,156.566,5.8,17.9,-5
Cyanobacteria,Anabaena,20.358,63.6965,47.48699951,35.042,0.893,2.564,0,0.164,0.001,0.017,2.201,156.566,5.8,17.9,-5
Cyanobacteria,Anabaena,21.673,65.41617,44.80400085,36.358,3.509,3.615,0,0.038,0,0.005,3.199,153.789,5.39,16.79,-9
Cyanobacteria,Anabaena,21.7265,65.39967,44.80400085,36.358,3.509,3.615,0,0.038,0,0.005,3.199,153.789,5.39,16.79,-9
Cyanobacteria,Anabaena,21.68017,65.38883,44.80400085,36.358,3.509,3.615,0,0.038,0,0.005,3.199,153.789,5.39,16.79,-9
Cyanobacteria,Anabaena,21.6505,65.30133,45.77399826,36.278,3.423,3.48,0,0.038,0,0.004,3.255,152.719,5.28,17.67,-8
Cyanobacteria,Anabaena,21.6695,65.29383,45.77399826,36.278,3.426,3.489,0,0.038,0,0.004,3.256,152.954,4.97,16.35,-6
Cyanobacteria,Anabaena,21.54033,65.38767,44.79700089,36.774,3.504,3.603,0,0.039,0,0.005,3.227,153.681,5.17,17.97,-10
Cyanobacteria,Anabaena,21.55717,65.38467,44.79700089,36.774,3.504,3.603,0,0.039,0,0.005,3.227,153.681,5.17,17.97,-10
Cyanobacteria,Anabaena,21.52133,65.3295,45.77399826,36.278,3.421,3.475,0,0.038,0,0.004,3.25,152.616,5.71,16.41,-8
Cyanobacteria,Anabaena,21.54483,65.34433,44.79700089,36.774,3.504,3.603,0,0.039,0,0.005,3.227,153.681,5.17,17.97,-10
Cyanobacteria,Anabaena,21.49583,65.3555,44.79700089,36.774,3.484,3.534,0,0.039,0,0.005,3.228,153.35,5.6,15.44,-17
Cyanobacteria,Anabaena,21.48383,65.355,44.79700089,36.774,3.484,3.534,0,0.039,0,0.005,3.228,153.35,5.6,15.44,-17
Cyanobacteria,Anabaena,10.01396,63.40607,42.61000061,30.447,0.189,5.893,0.003,0.476,0.001,0.055,4.699,70.457,8.36,16.07,-202
Cyanobacteria,Anabaena,22.44633,65.73033,44.95100021,35.6,3.807,4.424,0,0.05,0,0.004,3.121,157.722,6.11,17.3,-6
Cyanobacteria,Anabaena,22.44667,65.7295,44.95100021,35.6,3.807,4.424,0,0.05,0,0.004,3.121,157.722,6.11,17.3,-6
Cyanobacteria,Anabaena,21.56683,65.41367,44.79700089,36.774,3.504,3.603,0,0.039,0,0.005,3.227,153.681,5.17,17.97,-10
Cyanobacteria,Anabaena,22.27617,65.69183,44.95100021,35.6,3.798,4.359,0,0.048,0,0.005,3.117,157.949,5.93,18.86,-9
Cyanobacteria,Anabaena,21.69883,65.39833,44.80400085,36.358,3.509,3.615,0,0.038,0,0.005,3.199,153.789,5.39,16.79,-9
Cyanobacteria,Anabaena,21.647,65.324,45.77399826,36.278,3.423,3.48,0,0.038,0,0.004,3.255,152.719,5.28,17.67,-8
Cyanobacteria,Anabaena,21.533,65.38967,44.79700089,36.774,3.504,3.603,0,0.039,0,0.005,3.227,153.681,5.17,17.97,-10
Cyanobacteria,Anabaena,21.5045,65.32583,45.77399826,36.278,3.421,3.475,0,0.038,0,0.004,3.25,152.616,5.71,16.41,-8
Cyanobacteria,Anabaena,21.48133,65.35067,44.79700089,36.774,3.484,3.534,0,0.039,0,0.005,3.228,153.35,5.6,15.44,-17
Cyanobacteria,Anabaena,21.06417,64.835,44.92200089,35.032,3.37,3.029,0,0.041,0,0.006,3.343,147.328,3.95,15.19,-7
Cyanobacteria,Anabaena,22.80517,65.80483,47.03900146,36.84,4.063,4.518,0,0.056,0,0.007,3.143,154.796,6.08,17.91,-8
Cyanobacteria,Anabaena,23.9195,65.744,46.73400116,35.991,4.481,4.828,0,0.061,0,0.008,3.397,152.482,5.6,17.23,-6
Cyanobacteria,Anabaena,18.34277,59.21287,48.38399887,33.482,0.007,0.527,0.081,0.351,0,0.007,1.103,166.197,6.85,16.05,-7
Cyanobacteria,Anabaena,19.09438,59.74777,48.08100128,33.787,0.001,0.391,0.036,0.301,0,0.004,1.03,161.216,7.43,17.68,-16
Cyanobacteria,Anabaena,18.47713,60.2155,45.58300018,33.469,0.002,0.582,0.001,0.228,0,0.005,0.563,159.563,6.53,16.88,-3
Cyanobacteria,Anabaena,18.27478,60.35582,47.35900116,32.854,0.003,0.855,0,0.206,0,0.005,0.542,160.85,7.3,17.39,-8
Cyanobacteria,Anabaena,19.818,63.49933,47.87400055,35.638,0.111,2.47,0,0.2,0.001,0.012,1.58,157.996,5.84,16.02,-10
Cyanobacteria,Anabaena,22.37517,65.80767,46.29199982,36.824,3.813,4.388,0,0.049,0,0.005,3.12,158.015,6.39,17.32,-5
Cyanobacteria,Anabaena,22.44617,65.72983,44.95100021,35.6,3.807,4.424,0,0.05,0,0.004,3.121,157.722,6.11,17.3,-6
Cyanobacteria,Anabaena,19.4985,63.53717,46.86600113,34.241,0.069,2.461,0,0.205,0.001,0.01,1.567,158.334,5.87,16.47,-6
Cyanobacteria,Anabaena,20.27433,63.6605,47.24900055,35.451,0.658,2.555,0,0.18,0.001,0.018,2.02,156.954,5.89,16.34,-11
Cyanobacteria,Anabaena,23.67133,65.77933,47.76200104,36.324,4.36,4.685,0,0.059,0,0.007,3.31,152.077,5.59,17.55,-4
Cyanobacteria,Anabaena,21.18817,64.69167,50.72399902,35.631,3.28,3.161,0,0.043,0,0.006,3.34,148.027,4.97,16.72,-11
Cyanobacteria,Anabaena,17.68742,59.11788,46.70299911,32.705,0.026,0.604,0.097,0.358,0.001,0.014,1.251,161.663,6.58,17.69,-3
Cyanobacteria,Anabaena,22.673,65.8885,46.00600052,35.788,3.98,4.475,0,0.054,0,0.006,3.152,155.738,7.15,17.41,-8
Cyanobacteria,Anabaena,22.37483,65.80767,46.29199982,36.824,3.813,4.388,0,0.049,0,0.005,3.12,158.015,6.39,17.32,-5
Cyanobacteria,Anabaena,20.4205,63.73817,47.48699951,35.042,0.999,2.564,0,0.162,0.001,0.018,2.371,156.449,5.76,16.05,-8
Cyanobacteria,Anabaena,21.27583,64.617,46.10599899,35.604,3.17,3.216,0,0.044,0,0.006,3.33,147.823,5.12,16.04,-7
Cyanobacteria,Anabaena,21.25267,64.30633,47.36800003,37.148,1.966,3.52,0,0.054,0,0.005,3.285,147.925,5.36,15.59,-9
Cyanobacteria,Anabaena,21.0875,64.20767,47.21300125,36.826,1.718,3.46,0,0.055,0,0.005,3.217,148.589,4.98,15.97,-8
Cyanobacteria,Anabaena,19.82,63.49933,47.87400055,35.638,0.111,2.47,0,0.2,0.001,0.012,1.58,157.996,5.84,16.02,-10
Cyanobacteria,Anabaena,22.37517,65.8075,46.29199982,36.824,3.813,4.388,0,0.049,0,0.005,3.12,158.015,6.39,17.32,-5
Cyanobacteria,Anabaena,22.447,65.73,44.95100021,35.6,3.807,4.424,0,0.05,0,0.004,3.121,157.722,6.11,17.3,-6
Cyanobacteria,Anabaena,11.1033,58.8683,47.4659996,32.869,0.106,2.272,0.001,0.254,0.002,0.034,12.555,126.521,9.34,18.65,-50
Cyanobacteria,Anabaena,22.44683,65.72983,44.95100021,35.6,3.807,4.424,0,0.05,0,0.004,3.121,157.722,6.11,17.3,-6
Cyanobacteria,Anabaena,17.66477,62.43612,48.36100006,33.964,0.353,3.219,0.001,0.22,0.001,0.035,0.872,154.113,6.33,17.02,-9
Cyanobacteria,Anabaena,22.44733,65.73033,44.95100021,35.6,3.807,4.424,0,0.05,0,0.004,3.121,157.722,6.11,17.3,-6
Cyanobacteria,Anabaena,21.99667,65.48667,45.86500168,36.599,3.643,3.86,0,0.039,0,0.006,3.159,155.212,4.94,17.55,-11
Cyanobacteria,Anabaena,22.44067,65.48417,47.5909996,36.743,3.693,4.097,0,0.041,0,0.005,3.15,152.503,5.73,16.99,-16
Cyanobacteria,Anabaena,22.16833,65.5665,47.31299973,37.004,3.74,4.063,0,0.042,0,0.007,3.135,155.67,5.87,18.37,-8
Cyanobacteria,Anabaena,18.2635,62.864,48.19200134,34.782,0.04,1.716,0,0.209,0.001,0.007,1.146,153.718,6.08,17.33,-35
Cyanobacteria,Anabaena,19.8195,63.49967,47.87400055,35.638,0.111,2.47,0,0.2,0.001,0.012,1.58,157.996,5.84,16.02,-10
Cyanobacteria,Anabaena,22.44717,65.73033,44.95100021,35.6,3.807,4.424,0,0.05,0,0.004,3.121,157.722,6.11,17.3,-6
Cyanobacteria,Anabaena,17.6407,62.44053,48.36100006,33.964,0.353,3.219,0.001,0.22,0.001,0.035,0.872,154.113,6.33,17.02,-9
Cyanobacteria,Anabaena,20.44517,63.7335,47.48699951,35.042,0.999,2.564,0,0.162,0.001,0.018,2.371,156.449,5.76,16.05,-8
Cyanobacteria,Anabaena,19.81833,63.4995,47.87400055,35.638,0.111,2.47,0,0.2,0.001,0.012,1.58,157.996,5.84,16.02,-10
Cyanobacteria,Anabaena,22.37583,65.808,46.29199982,36.824,3.813,4.388,0,0.049,0,0.005,3.12,158.015,6.39,17.32,-5
Cyanobacteria,Anabaena,22.44633,65.72967,44.95100021,35.6,3.807,4.424,0,0.05,0,0.004,3.121,157.722,6.11,17.3,-6
Cyanobacteria,Anabaena,22.375,65.80683,46.29199982,36.824,3.813,4.388,0,0.049,0,0.005,3.12,158.015,6.39,17.32,-5
Cyanobacteria,Anabaena,18.26233,62.8635,48.19200134,34.782,0.04,1.716,0,0.209,0.001,0.007,1.146,153.718,6.08,17.33,-35
Cyanobacteria,Anabaena,22.37583,65.80683,46.29199982,36.824,3.813,4.388,0,0.049,0,0.005,3.12,158.015,6.39,17.32,-5
Cyanobacteria,Anabaena,18.26433,62.8635,48.19200134,34.782,0.04,1.716,0,0.209,0.001,0.007,1.146,153.718,6.08,17.33,-35
Cyanobacteria,Anabaena,22.44817,65.73,44.95100021,35.6,3.807,4.424,0,0.05,0,0.004,3.121,157.722,6.11,17.3,-6
Cyanobacteria,Anabaena,19.81917,63.5005,47.5320015,35.81,0.188,2.506,0,0.2,0.001,0.014,1.596,157.802,5.91,16.63,-8
Cyanobacteria,Anabaena,22.37483,65.80717,46.29199982,36.824,3.813,4.388,0,0.049,0,0.005,3.12,158.015,6.39,17.32,-5
Cyanobacteria,Anabaena,22.57233,65.63683,46.45299911,36.825,3.803,4.404,0,0.049,0,0.003,3.131,155.051,5.42,16.83,-7
Cyanobacteria,Anabaena,19.80667,63.52483,47.5320015,35.81,0.188,2.506,0,0.2,0.001,0.014,1.596,157.802,5.91,16.63,-8
Cyanobacteria,Anabaena,23.674,65.76317,47.76200104,36.324,4.36,4.685,0,0.059,0,0.007,3.31,152.077,5.59,17.55,-4
Cyanobacteria,Anabaena,23.94233,65.75133,46.04299927,36.277,4.606,5.011,0.001,0.064,0,0.011,3.384,152.824,5.86,16.8,-4
Cyanobacteria,Anabaena,23.69833,65.83,47.76200104,36.324,4.36,4.685,0,0.059,0,0.007,3.31,152.077,5.59,17.55,-4
Cyanobacteria,Anabaena,22.704,65.86133,46.00600052,35.788,3.98,4.475,0,0.054,0,0.006,3.152,155.738,7.15,17.41,-8
Cyanobacteria,Anabaena,22.64,65.89667,45.32500076,36.899,3.96,4.468,0,0.053,0,0.006,3.138,156.002,6.02,14.23,-2
Cyanobacteria,Anabaena,22.413,65.77167,46.29199982,36.824,3.813,4.388,0,0.049,0,0.005,3.12,158.015,6.39,17.32,-5
Cyanobacteria,Anabaena,22.43867,65.856,45.32500076,36.899,3.901,4.443,0,0.051,0,0.005,3.133,156.53,7.22,19.03,-2
Cyanobacteria,Anabaena,21.93417,65.4375,45.86500168,36.599,3.643,3.86,0,0.039,0,0.006,3.159,155.212,4.94,17.55,-11
Cyanobacteria,Anabaena,21.95,65.40833,44.81700134,35.468,3.564,3.734,0,0.038,0,0.005,3.185,154.085,5.29,16.64,-7
Cyanobacteria,Anabaena,21.71983,65.32817,45.77399826,36.278,3.426,3.489,0,0.038,0,0.004,3.256,152.954,4.97,16.35,-6
Cyanobacteria,Anabaena,21.80033,65.28567,44.82300186,35.686,3.426,3.496,0,0.038,0,0.004,3.251,153.37,5.22,16.3,-8
Cyanobacteria,Anabaena,21.48333,64.454,46.73600006,36.268,2.587,3.42,0,0.05,0,0.005,3.313,147.488,4.99,15.22,-10
Cyanobacteria,Anabaena,21.57567,64.47167,46.73600006,36.268,2.578,3.406,0,0.05,0,0.005,3.307,147.342,5.1,15.52,-6
Cyanobacteria,Anabaena,19.81983,63.4995,47.87400055,35.638,0.111,2.47,0,0.2,0.001,0.012,1.58,157.996,5.84,16.02,-10
Cyanobacteria,Anabaena,22.44633,65.73083,44.95100021,35.6,3.807,4.424,0,0.05,0,0.004,3.121,157.722,6.11,17.3,-6
Cyanobacteria,Anabaena,22.5745,65.63617,46.45299911,36.825,3.803,4.404,0,0.049,0,0.003,3.131,155.051,5.42,16.83,-7
Cyanobacteria,Anabaena,22.37517,65.80733,46.29199982,36.824,3.813,4.388,0,0.049,0,0.005,3.12,158.015,6.39,17.32,-5
Cyanobacteria,Anabaena,22.37533,65.807,46.29199982,36.824,3.813,4.388,0,0.049,0,0.005,3.12,158.015,6.39,17.32,-5
Cyanobacteria,Anabaena,22.44633,65.73,44.95100021,35.6,3.807,4.424,0,0.05,0,0.004,3.121,157.722,6.11,17.3,-6
Cyanobacteria,Anabaena,22.37483,65.80733,46.29199982,36.824,3.813,4.388,0,0.049,0,0.005,3.12,158.015,6.39,17.32,-5
Cyanobacteria,Anabaena,22.447,65.72967,44.95100021,35.6,3.807,4.424,0,0.05,0,0.004,3.121,157.722,6.11,17.3,-6
Cyanobacteria,Anabaena,22.57383,65.63583,46.45299911,36.825,3.803,4.404,0,0.049,0,0.003,3.131,155.051,5.42,16.83,-7
Cyanobacteria,Anabaena,19.808,63.5255,47.5320015,35.81,0.188,2.506,0,0.2,0.001,0.014,1.596,157.802,5.91,16.63,-8
Cyanobacteria,Anabaena,19.8205,63.50017,47.5320015,35.81,0.188,2.506,0,0.2,0.001,0.014,1.596,157.802,5.91,16.63,-8
Cyanobacteria,Anabaena,19.80667,63.525,47.5320015,35.81,0.188,2.506,0,0.2,0.001,0.014,1.596,157.802,5.91,16.63,-8
Cyanobacteria,Anabaena,19.80883,63.52317,47.5320015,35.81,0.188,2.506,0,0.2,0.001,0.014,1.596,157.802,5.91,16.63,-8
Cyanobacteria,Anabaena,12.05,55.169998,46.42599869,31.917,0.005,0.169,0.279,0.228,0.001,0.004,5.617,157.709,9.53,19.65,-1
Cyanobacteria,Anabaena,12.57,55.549999,46.10499954,32.773,0.014,0.208,0.294,0.22,0.003,0.004,2.343,158.139,9.6,18.53,-5
Cyanobacteria,Anabaena,11,55,47.33800125,35.817,0.001,0.288,0.212,0.248,0.001,0.005,13.005,153.05,9.74,18.32,-9
Cyanobacteria,Anabaena,11.98,55.900002,46.68199921,32.148,0.013,0.513,0.128,0.209,0.002,0.006,14.914,146.104,9.87,19.59,-5
Cyanobacteria,Anabaena,11.88333,58.33333,46.09400177,32.943,0.085,2.336,0.011,0.255,0.004,0.021,13.904,135.679,8.35,17.67,-2
Cyanobacteria,Anabaena,11.5625,58.06667,47.16699982,32.953,0.083,2.393,0.013,0.254,0.004,0.02,15.134,136.967,9.4,19.94,-2
Cyanobacteria,Anabaena,10.9,59.0083,47.11299896,32.619,0.305,3.136,0.002,0.251,0.002,0.058,12.573,124.096,9.71,18.89,-59
Cyanobacteria,Anabaena,10.62,56.52,43.64500046,30.698,0.008,0.642,0.126,0.228,0.002,0.008,20.087,130.67,9.81,18.02,-6
Cyanobacteria,Anabaena,11.9,55.919998,46.09600067,31.869,0.014,0.495,0.129,0.212,0.002,0.006,15.111,146.105,10.02,19.39,-4
Cyanobacteria,Anabaena,12.45,55.619999,43.90000153,33.268,0.013,0.199,0.294,0.221,0.002,0.004,2.397,157.68,9.28,18.46,-4
Cyanobacteria,Anabaena,12.3,54.98,47.15800095,32.618,0.002,0.178,0.292,0.23,0.001,0.006,4.782,155.589,9.28,18.56,-4
Cyanobacteria,Anabaena,12.21638,57.12211,45.58800125,32.855,0.022,0.798,0.096,0.169,0.003,0.007,14.323,144.329,9.74,19.48,-6
Cyanobacteria,Anabaena,12.95671,55.77092,47.20899963,33.196,0.019,0.273,0.265,0.213,0.002,0.005,3.373,154.365,9.28,17.7,-2
Cyanobacteria,Anabaena,12.91087,55.75554,47.98899841,33.5,0.019,0.274,0.265,0.213,0.003,0.005,4.716,154.483,9.53,18.43,-10
Cyanobacteria,Anabaena,18,59,48.08100128,34.233,0.033,0.606,0.097,0.359,0.002,0.017,1.15,161.243,7.7,17.97,-9
Cyanobacteria,Anabaena,11.61518,57.89177,48.93799973,33.736,0.251,2.615,0.007,0.257,0.004,0.035,15.634,137.277,9.53,19.84,-6
Cyanobacteria,Anabaena,10.62,55.599998,46.05899811,35.011,0.018,0.435,0.166,0.262,0.002,0.008,16.435,140.897,9.75,18.16,-11
Cyanobacteria,Anabaena,11.582563,57.886362,46.9469986,33.664,0.179,2.448,0.012,0.256,0.004,0.03,15.635,136.586,9.93,19.24,-20
Cyanobacteria,Anabaena,11.7225,55.715556,46.67499924,31.198,0.007,0.409,0.147,0.255,0.001,0.005,16.732,146.456,9.02,18.03,-2
Cyanobacteria,Anabaena,11.72,55.73,46.67499924,31.198,0.007,0.409,0.147,0.255,0.001,0.005,16.732,146.456,9.02,18.03,-2
Cyanobacteria,Anabaena,11.83,55.68,46.67499924,31.198,0.01,0.396,0.166,0.246,0.002,0.005,14.719,148.561,9.42,18.86,-4
Cyanobacteria,Anabaena,13.07522,55.67086,50.62099838,33.934,0.01,0.166,0.298,0.222,0.002,0.004,1.905,153.808,9.46,18.8,-5
Cyanobacteria,Anabaena,12.99632,55.612,46.14400101,33.012,0.01,0.17,0.298,0.222,0.002,0.004,2.097,154.001,9.5,18.57,-11
Cyanobacteria,Anabaena,11.8869,58.248,45.14899826,31.628,0.094,2.362,0.015,0.253,0.004,0.021,14.411,136.641,7.99,17.22,-5
