taxa,species,decimalLongitude,decimalLatitude,bathymetry,biogeo13mean,biogeo15tmax,parmax,salinityrange,nitratemean,nitraterange,phosphaterange,phosphateltmin,ppmean,ppmin,bio8,bio9,bio18,alt
Cyanobacteria,Nodularia spumigena,19.50667,63.53999,-6,5.81,17.21,46.86600113,1.592,0.979,2.476,0.203,0.001,0.005,0.001,13.1,-4.1,176,45
Cyanobacteria,Nodularia spumigena,11.24,58.3537,-15,9.88,19.06,48.73500061,13.119,0.424,2.03,0.253,0.051,0.008,0.002,12.6,1.6,196,6
Cyanobacteria,Nodularia spumigena,14.8236,56.1115,-12,9,19.21,46.15000153,1.101,0.089,0.252,0.33,0.324,0.005,0.002,15.5,2.3,163,3
Cyanobacteria,Nodularia spumigena,12.8539,55.8005,-10,9.53,18.43,47.98899841,4.716,0.082,0.274,0.213,0.336,0.004,0.003,15.5,2.7,185,4
Cyanobacteria,Nodularia spumigena,12.8808,55.5133,-4,9.1,18.05,47.57300186,2.116,0.05,0.178,0.222,0.377,0.003,0.002,15.5,2.9,175,1
Cyanobacteria,Nodularia spumigena,17.62367,58.80333,-15,7.9,18.57,47.39400101,1.387,0.11,0.632,0.354,0.178,0.003,0.001,15.5,1.1,153,2
Cyanobacteria,Nodularia spumigena,11.4333,58.2598,-19,9.26,19.05,47.83399963,13.748,0.472,2.128,0.254,0.056,0.009,0.003,12.3,1.5,200,24
Cyanobacteria,Nodularia spumigena,16.51354,58.6469,-3,6.73,17.12,45.09799957,1.316,0.191,0.851,0.374,0.187,0.005,0.002,14.9,0.8,176,35
Cyanobacteria,Nodularia spumigena,16.71167,58.40898,-6,7.54,17.57,49.53499985,1.264,0.2,0.894,0.373,0.193,0.005,0.002,15.1,1.1,167,17
Cyanobacteria,Nodularia spumigena,16.72328,58.62248,-8,7.12,17.39,46.0530014,1.319,0.193,0.852,0.374,0.186,0.005,0.002,14.9,0.7,176,45
Cyanobacteria,Nodularia spumigena,16.75601,58.10678,-2,7.59,17.51,46.75899887,1.17,0.153,0.807,0.357,0.212,0.003,0.002,15.3,1.2,160,13
Cyanobacteria,Nodularia spumigena,18.91088,57.68525,-7,8.64,18.99,50.17599869,0.63,0.02,0.288,0.285,0.262,0.001,0,8.2,5.1,138,11
Cyanobacteria,Nodularia spumigena,18.75732,59.52487,-6,7.77,18,46.83200073,1.177,0.036,0.435,0.33,0.129,0.001,0,14.9,0.2,153,10
Cyanobacteria,Nodularia spumigena,17.7875,58.84167,-10,7.7,18.15,48.53300095,1.315,0.142,0.618,0.356,0.172,0.005,0.002,15.4,1.1,152,10
Cyanobacteria,Nodularia spumigena,17.7265,58.934,-10,7.64,17.59,46.29000092,1.288,0.149,0.624,0.357,0.171,0.005,0.002,15.4,1,160,17
Cyanobacteria,Nodularia spumigena,17.72367,58.98383,-10,7.64,17.59,46.29000092,1.288,0.149,0.624,0.357,0.171,0.005,0.002,15.4,1,160,17
Cyanobacteria,Nodularia spumigena,17.72167,59.03667,-5,7.37,18.47,47.13000107,1.265,0.154,0.623,0.357,0.17,0.005,0.002,15.4,0.9,164,20
Cyanobacteria,Nodularia spumigena,17.67667,59.0685,-5,7.37,18.47,47.13000107,1.265,0.154,0.623,0.357,0.17,0.005,0.002,15.4,0.9,164,20
Cyanobacteria,Nodularia spumigena,18.39213,59.22278,-7,6.85,16.05,48.38399887,1.103,0.08,0.527,0.351,0.153,0.003,0,15.4,0.8,158,25
Cyanobacteria,Nodularia spumigena,18.5543,59.15906,-30,7.62,17.76,47.77700043,1.075,0.073,0.56,0.357,0.157,0.002,0,15.4,5.2,150,6
Cyanobacteria,Nodularia spumigena,18.63224,59.12155,-22,7.67,17.87,47.77700043,1.078,0.071,0.56,0.357,0.157,0.002,0,15.3,5,150,10
Cyanobacteria,Nodularia spumigena,17.42774,58.77192,-15,7.5,17.45,47.61000061,1.419,0.116,0.669,0.357,0.182,0.003,0.002,15.2,0.9,160,19
Cyanobacteria,Nodularia spumigena,17.6225,59.02448,-2,6.38,17.13,44.85699844,1.275,0.15,0.624,0.357,0.171,0.005,0.002,15.3,0.9,165,16
Cyanobacteria,Nodularia spumigena,13.643,55.3858,-15,9.34,18.83,47.56299973,1.321,0.004,0.091,0.246,0.386,0.001,0,15.5,2.7,177,9
Cyanobacteria,Nodularia spumigena,13.0188,55.3471,-10,9.39,18.63,48.79100037,1.829,0.018,0.098,0.226,0.383,0.002,0.001,15.5,2.8,172,5
Cyanobacteria,Nodularia spumigena,12.6521,56.3155,-20,9.88,19.34,47.65800095,11.721,0.208,0.668,0.159,0.122,0.008,0.004,15.3,2,207,34
Cyanobacteria,Nodularia spumigena,11.4333,58.2583,-19,9.26,19.05,47.83399963,13.748,0.472,2.128,0.254,0.056,0.009,0.003,12.3,1.5,200,24
Cyanobacteria,Nodularia spumigena,16.64293,58.43786,-2,7.39,18.8,43.81200027,1.274,0.201,0.883,0.374,0.189,0.005,0.002,15,0.9,172,28
Cyanobacteria,Nodularia spumigena,18.13118,57.40002,-9,8.9,18.7,50.19800186,0.757,0.058,0.642,0.297,0.254,0.001,0,8.6,1.6,131,7
Cyanobacteria,Nodularia spumigena,17.01491,58.67112,-1,6.78,16.45,43.47600174,1.337,0.163,0.777,0.369,0.184,0.004,0.002,15.2,0.9,171,13
Cyanobacteria,Nodularia spumigena,11.5933,57.9196,-2,9.68,20.08,46.43299866,15.229,0.807,2.499,0.256,0.058,0.018,0.004,12.4,1.4,196,33
Cyanobacteria,Nodularia spumigena,18.26417,62.86367,-35,6.08,17.33,48.19200134,1.146,0.488,1.716,0.209,0.009,0.003,0.001,13.5,-3.3,184,48
Cyanobacteria,Nodularia spumigena,16.84155,58.59636,-15,7.89,18.75,45.07500076,1.321,0.192,0.839,0.373,0.184,0.005,0.002,15,0.7,174,44
Cyanobacteria,Nodularia spumigena,12.6522,56.3155,-20,9.88,19.34,47.65800095,11.721,0.208,0.668,0.159,0.122,0.008,0.004,15.3,2,207,34
Cyanobacteria,Nodularia spumigena,12.5166,56.2183,-6,9.77,18.85,47.36100006,11.685,0.203,0.684,0.168,0.125,0.009,0.004,15.5,2.1,201,8
Cyanobacteria,Nodularia spumigena,16.73383,58.12546,-3,6.79,16.08,45.51300049,1.169,0.153,0.807,0.357,0.212,0.003,0.002,15.2,1.2,162,16
Cyanobacteria,Nodularia spumigena,18.27479,60.35582,-8,7.3,17.39,47.35900116,0.542,0.145,0.855,0.206,0.029,0.003,0,14.3,-0.8,176,17
Cyanobacteria,Nodularia spumigena,17.78754,58.84164,-10,7.7,18.15,48.53300095,1.315,0.142,0.618,0.356,0.172,0.005,0.002,15.4,1.1,152,10
Cyanobacteria,Nodularia spumigena,17.72662,58.93388,-10,7.64,17.59,46.29000092,1.288,0.149,0.624,0.357,0.171,0.005,0.002,15.4,1,160,17
Cyanobacteria,Nodularia spumigena,17.72374,58.9839,-10,7.64,17.59,46.29000092,1.288,0.149,0.624,0.357,0.171,0.005,0.002,15.4,1,160,17
Cyanobacteria,Nodularia spumigena,17.72169,59.03668,-5,7.37,18.47,47.13000107,1.265,0.154,0.623,0.357,0.17,0.005,0.002,15.4,0.9,164,20
Cyanobacteria,Nodularia spumigena,17.67665,59.06857,-5,7.37,18.47,47.13000107,1.265,0.154,0.623,0.357,0.17,0.005,0.002,15.4,0.9,164,20
Cyanobacteria,Nodularia spumigena,17.16621,61.27754,-2,6,17.79,45.74300003,0.636,0.454,1.586,0.19,0.007,0.005,0.001,13.8,-1.6,196,9
Cyanobacteria,Nodularia spumigena,12.9066,55.785,-10,9.53,18.43,47.98899841,4.716,0.082,0.274,0.213,0.336,0.004,0.003,15.5,2.7,185,4
Cyanobacteria,Nodularia spumigena,12.796,55.869,-9,9.53,18.15,46.73199844,8.641,0.145,0.52,0.19,0.214,0.007,0.003,15.5,2.6,192,10
Cyanobacteria,Nodularia spumigena,13.0366,55.6866,-5,9.46,18.8,50.62099838,1.905,0.047,0.166,0.222,0.378,0.003,0.002,15.4,2.7,184,5
Cyanobacteria,Nodularia spumigena,11.6867,57.6675,-8,10.28,18.76,47.29000092,16.321,0.714,2.271,0.244,0.072,0.016,0.004,12.5,1.4,192,20
Cyanobacteria,Nodularia spumigena,11.58,58.23,-5,14.06,18.21,46.51699829,14.094,0.518,2.206,0.254,0.059,0.011,0.003,12.3,1.4,200,37
Cyanobacteria,Nodularia spumigena,11.4033,58.3433,-4,9.07,19.68,48.50799942,13.147,0.438,2.052,0.254,0.053,0.008,0.003,12.3,1.4,201,30
Cyanobacteria,Nodularia spumigena,11.7683,57.6788,-5,9.19,19.21,47.29000092,16.299,0.735,2.282,0.237,0.071,0.017,0.004,12.5,1.4,198,16
Cyanobacteria,Nodularia spumigena,16.30782,58.62837,-6,7.33,18.6,44.23099899,1.313,0.188,0.848,0.374,0.187,0.005,0.002,15,0.9,177,14
Cyanobacteria,Nodularia spumigena,17.8602,58.85202,-1,7.59,18.94,48.53300095,1.287,0.149,0.612,0.357,0.169,0.005,0.002,15.5,1.1,151,15
Cyanobacteria,Nodularia spumigena,17.40188,60.66549,-9,6.87,17.59,46.19800186,0.513,0.573,1.673,0.193,0.009,0.007,0.002,14.1,-1.1,191,7
Cyanobacteria,Nodularia spumigena,11.81,58.1092,-3,8.64,19.54,48.12099838,14.624,0.672,2.384,0.253,0.058,0.014,0.004,8.1,1.4,203,37
Cyanobacteria,Nodularia spumigena,11.6667,57.9012,-3,9.53,20.48,48.93799973,15.825,0.967,2.664,0.257,0.053,0.021,0.004,12.4,1.5,197,17
Cyanobacteria,Nodularia spumigena,18.264,62.86367,-35,6.08,17.33,48.19200134,1.146,0.488,1.716,0.209,0.009,0.003,0.001,13.5,-3.3,184,48
Cyanobacteria,Nodularia spumigena,11.76833,57.67883,-5,9.19,19.21,47.29000092,16.299,0.735,2.282,0.237,0.071,0.017,0.004,12.5,1.4,198,16
Cyanobacteria,Nodularia spumigena,17.63661,58.82318,-15,7.9,18.57,47.39400101,1.387,0.11,0.632,0.354,0.178,0.003,0.001,15.5,1.1,153,2
Cyanobacteria,Nodularia spumigena,19.80817,63.52467,-8,5.91,16.63,47.5320015,1.596,1.209,2.506,0.2,0.001,0.006,0.001,13.3,-4,171,16
Cyanobacteria,Nodularia spumigena,12.51667,56.21833,-6,9.77,18.85,47.36100006,11.685,0.203,0.684,0.168,0.125,0.009,0.004,15.5,2.1,201,8
Cyanobacteria,Nodularia spumigena,12.79617,55.869,-9,9.53,18.15,46.73199844,8.641,0.145,0.52,0.19,0.214,0.007,0.003,15.5,2.6,192,10
Cyanobacteria,Nodularia spumigena,12.90667,55.785,-10,9.53,18.43,47.98899841,4.716,0.082,0.274,0.213,0.336,0.004,0.003,15.5,2.7,185,4
Cyanobacteria,Nodularia spumigena,12.88083,55.51333,-4,9.1,18.05,47.57300186,2.116,0.05,0.178,0.222,0.377,0.003,0.002,15.5,2.9,175,1
Cyanobacteria,Nodularia spumigena,14.82367,56.1115,-12,9,19.21,46.15000153,1.101,0.089,0.252,0.33,0.324,0.005,0.002,15.5,2.3,163,3
Cyanobacteria,Nodularia spumigena,17.62533,58.80317,-15,7.9,18.57,47.39400101,1.387,0.11,0.632,0.354,0.178,0.003,0.001,15.5,1.1,153,2
Cyanobacteria,Nodularia spumigena,18.9025,60.139,-86,7.19,17.51,46.34999847,0.754,0.066,0.433,0.273,0.073,0.001,0,14.4,-0.5,162,9
Cyanobacteria,Nodularia spumigena,18.31829,59.29366,-12,7.29,17.12,47.0019989,1.129,0.046,0.466,0.34,0.149,0.002,0,15.5,0.8,165,23
Cyanobacteria,Nodularia spumigena,17.28443,58.7154,-8,7.95,18.69,45.31100082,1.358,0.117,0.69,0.36,0.184,0.003,0.001,15.3,1,165,11
Cyanobacteria,Nodularia spumigena,17.59841,58.86936,-10,7.97,18.79,47.61000061,1.346,0.123,0.627,0.355,0.176,0.004,0.002,15.4,1,158,7
Cyanobacteria,Nodularia spumigena,12.65217,56.3155,-20,9.88,19.34,47.65800095,11.721,0.208,0.668,0.159,0.122,0.008,0.004,15.3,2,207,34
Cyanobacteria,Nodularia spumigena,13.03667,55.68667,-5,9.46,18.8,50.62099838,1.905,0.047,0.166,0.222,0.378,0.003,0.002,15.4,2.7,184,5
Cyanobacteria,Nodularia spumigena,13.0188,55.34712,-10,9.39,18.63,48.79100037,1.829,0.018,0.098,0.226,0.383,0.002,0.001,15.5,2.8,172,5
Cyanobacteria,Nodularia spumigena,13.64303,55.38588,-15,9.34,18.83,47.56299973,1.321,0.004,0.091,0.246,0.386,0.001,0,15.5,2.7,177,9
Cyanobacteria,Nodularia spumigena,18.4275,62.957,-18,5.85,15.94,50.47999954,1.191,0.492,1.764,0.208,0.009,0.003,0.001,13.4,-3.4,183,46
Cyanobacteria,Nodularia spumigena,18.77867,63.15867,-43,6.41,16.42,47.53099823,1.296,0.522,1.888,0.206,0.008,0.003,0.001,13.5,-3.4,177,1
Cyanobacteria,Nodularia spumigena,18.70181,60.15101,-18,7.29,17.12,46.21300125,0.724,0.07,0.46,0.26,0.066,0.001,0,14.4,-0.6,165,22
Cyanobacteria,Nodularia spumigena,19.8085,63.52467,-8,5.91,16.63,47.5320015,1.596,1.209,2.506,0.2,0.001,0.006,0.001,13.3,-4,171,16
Cyanobacteria,Nodularia spumigena,12.79608,55.869,-9,9.53,18.15,46.73199844,8.641,0.145,0.52,0.19,0.214,0.007,0.003,15.5,2.6,192,10
Cyanobacteria,Nodularia spumigena,20.52082,63.69362,-11,5.75,16.1,47.86800003,2.403,2.323,2.561,0.15,0,0.006,0.001,13.2,1.5,163,4
Cyanobacteria,Nodularia spumigena,20.32083,63.60971,-11,5.89,16.34,47.24900055,2.02,1.994,2.555,0.18,0.001,0.008,0.001,13.1,-4,165,4
Cyanobacteria,Nodularia spumigena,17.4071,60.6623,-9,6.87,17.59,46.19800186,0.513,0.573,1.673,0.193,0.009,0.007,0.002,14.1,-1.1,191,7
Cyanobacteria,Nodularia spumigena,17.16637,60.95757,-5,5.94,15.83,47.04999924,0.547,0.468,1.544,0.188,0.009,0.005,0.001,14,-1.4,196,10
Cyanobacteria,Nodularia spumigena,17.28398,60.69692,-5,6.58,16.86,46.9469986,0.508,0.58,1.679,0.191,0.008,0.007,0.002,14,-1.2,193,11
Cyanobacteria,Nodularia spumigena,19.81917,63.49967,-10,5.84,16.02,47.87400055,1.58,1.08,2.47,0.2,0.001,0.005,0.001,13.3,-3.8,171,2
Cyanobacteria,Nodularia spumigena,18.6734,59.37828,-5,7.71,17.59,45.74700165,1.188,0.041,0.465,0.342,0.142,0.001,0,15.1,4.8,153,12
Cyanobacteria,Nodularia spumigena,18.38358,59.26851,-4,7.38,17.07,47.0019989,1.132,0.045,0.464,0.339,0.148,0.001,0,15.4,0.7,162,30
Cyanobacteria,Nodularia spumigena,18.2635,62.86367,-35,6.08,17.33,48.19200134,1.146,0.488,1.716,0.209,0.009,0.003,0.001,13.5,-3.3,184,48
Cyanobacteria,Nodularia spumigena,18.34321,59.36615,-2,7.32,17.35,47.54199982,1.161,0.037,0.434,0.333,0.145,0.001,0,15.4,0.7,163,22
Cyanobacteria,Nodularia spumigena,18.39062,59.43943,-9,7.46,17.19,45.49300003,1.149,0.037,0.433,0.333,0.143,0.001,0,15.2,0.5,166,33
Cyanobacteria,Nodularia spumigena,18.26433,62.86317,-35,6.08,17.33,48.19200134,1.146,0.488,1.716,0.209,0.009,0.003,0.001,13.5,-3.3,184,48
Cyanobacteria,Nodularia spumigena,18.50733,63.06567,-27,6.24,16.34,47.13299942,1.241,0.507,1.83,0.207,0.008,0.003,0.001,13.5,-3.4,180,19
Cyanobacteria,Nodularia spumigena,18.87417,63.26733,-4,5.66,17.45,46.75999832,1.334,0.579,2.017,0.207,0.006,0.003,0.001,13.3,-3.7,179,33
Cyanobacteria,Nodularia spumigena,18.86383,63.28317,-4,5.66,17.45,46.75999832,1.334,0.579,2.017,0.207,0.006,0.003,0.001,13.3,-3.7,179,33
Cyanobacteria,Nodularia spumigena,18.33283,62.87683,-35,6.08,17.33,48.19200134,1.146,0.488,1.716,0.209,0.009,0.003,0.001,13.5,-3.3,184,48
Cyanobacteria,Nodularia spumigena,18.68117,63.233,-12,5.35,17.39,46.52000046,1.309,0.542,1.936,0.207,0.007,0.003,0.001,13.4,-3.6,182,34
Cyanobacteria,Nodularia spumigena,19.809,63.52467,-8,5.91,16.63,47.5320015,1.596,1.209,2.506,0.2,0.001,0.006,0.001,13.3,-4,171,16
Cyanobacteria,Nodularia spumigena,18.31974,59.29523,-12,7.29,17.12,47.0019989,1.129,0.046,0.466,0.34,0.149,0.002,0,15.5,0.8,165,23
Cyanobacteria,Nodularia spumigena,25.3,60.25,-2,7.23,17.98,48.10100174,2.717,11.636,11.916,0.211,0,0.006,0.002,10.4,-1.9,194,16
Cyanobacteria,Nodularia spumigena,18.42203,62.95872,-18,5.85,15.94,50.47999954,1.191,0.492,1.764,0.208,0.009,0.003,0.001,13.4,-3.4,183,46
Cyanobacteria,Nodularia spumigena,18.58133,63.11483,-16,6.11,16.45,46.68899918,1.287,0.511,1.848,0.207,0.008,0.003,0.001,13.3,-3.5,182,38
Cyanobacteria,Nodularia spumigena,18.571,63.06583,-27,6.24,16.34,47.13299942,1.241,0.507,1.83,0.207,0.008,0.003,0.001,13.5,-3.4,180,19
Cyanobacteria,Nodularia spumigena,18.37725,59.32534,-4,7.38,17.07,47.0019989,1.132,0.045,0.464,0.339,0.148,0.001,0,15.4,0.7,162,30
Cyanobacteria,Nodularia spumigena,19.81883,63.49967,-10,5.84,16.02,47.87400055,1.58,1.08,2.47,0.2,0.001,0.005,0.001,13.3,-3.8,171,2
Cyanobacteria,Nodularia spumigena,18.4104,62.95703,-25,5.67,16.19,50.47999954,1.18,0.491,1.759,0.208,0.009,0.003,0.001,13.2,-3.6,185,81
Cyanobacteria,Nodularia spumigena,18.51235,62.94962,-46,6.39,16.42,48.17499924,1.193,0.494,1.784,0.208,0.009,0.003,0.001,13.6,-3.2,179,6
Cyanobacteria,Nodularia spumigena,18.51717,63.0675,-27,6.24,16.34,47.13299942,1.241,0.507,1.83,0.207,0.008,0.003,0.001,13.5,-3.4,180,19
Cyanobacteria,Nodularia spumigena,18.479,63.0265,-31,5.64,16.23,47.13299942,1.22,0.507,1.827,0.207,0.008,0.003,0.001,13.3,-3.5,183,49
Cyanobacteria,Nodularia spumigena,18.41625,62.97395,-25,5.67,16.19,50.47999954,1.18,0.491,1.759,0.208,0.009,0.003,0.001,13.2,-3.6,185,81
Cyanobacteria,Nodularia spumigena,18.57533,63.0055,-27,6.24,16.34,47.13299942,1.241,0.507,1.83,0.207,0.008,0.003,0.001,13.5,-3.4,180,19
Cyanobacteria,Nodularia spumigena,18.41863,62.96407,-18,5.85,15.94,50.47999954,1.191,0.492,1.764,0.208,0.009,0.003,0.001,13.4,-3.4,183,46
Cyanobacteria,Nodularia spumigena,16.56369,58.44863,-2,6.88,18.3,45.32400131,1.27,0.197,0.875,0.374,0.19,0.005,0.002,15,0.9,173,32
Cyanobacteria,Nodularia spumigena,11.5933,57.9197,-2,9.68,20.08,46.43299866,15.229,0.807,2.499,0.256,0.058,0.018,0.004,12.4,1.4,196,33
Cyanobacteria,Nodularia spumigena,19.8085,63.525,-8,5.91,16.63,47.5320015,1.596,1.209,2.506,0.2,0.001,0.006,0.001,13.3,-4,171,16
Cyanobacteria,Nodularia spumigena,16.67167,57.99967,-2,7.3,18.23,46.59899902,1.145,0.168,0.832,0.356,0.217,0.004,0.002,15.3,1.3,159,18
Cyanobacteria,Nodularia spumigena,18.42883,63.012,-31,5.64,16.23,47.13299942,1.22,0.507,1.827,0.207,0.008,0.003,0.001,13.3,-3.5,183,49
Cyanobacteria,Nodularia spumigena,18.72433,63.10883,-42,6.36,16.33,47.53099823,1.293,0.522,1.885,0.206,0.008,0.003,0.001,13.5,-3.4,178,1
Cyanobacteria,Nodularia spumigena,18.64533,63.12933,-31,6.22,16.1,47.53099823,1.29,0.519,1.879,0.207,0.008,0.003,0.001,13.4,-3.4,179,16
Cyanobacteria,Nodularia spumigena,18.64783,63.17067,-8,5.48,15.14,48.79999924,1.305,0.541,1.931,0.207,0.007,0.003,0.001,12.9,-4,186,108
Cyanobacteria,Nodularia spumigena,16.73017,58.38933,-6,7.54,17.57,49.53499985,1.264,0.2,0.894,0.373,0.193,0.005,0.002,15.1,1.1,167,17
Cyanobacteria,Nodularia spumigena,11.7733,58.3125,-9,9.01,19.06,46.09400177,13.89,0.591,2.282,0.254,0.055,0.012,0.003,8.1,1.4,204,24
Cyanobacteria,Nodularia spumigena,16.75339,57.99857,-9,7.81,18.35,46.59899902,1.142,0.169,0.835,0.356,0.216,0.004,0.002,15.3,1.4,156,12
Cyanobacteria,Nodularia spumigena,19.819,63.49967,-10,5.84,16.02,47.87400055,1.58,1.08,2.47,0.2,0.001,0.005,0.001,13.3,-3.8,171,2
Cyanobacteria,Nodularia spumigena,18.26383,62.86367,-35,6.08,17.33,48.19200134,1.146,0.488,1.716,0.209,0.009,0.003,0.001,13.5,-3.3,184,48
Cyanobacteria,Nodularia spumigena,12.51667,56.21667,-6,9.77,18.85,47.36100006,11.685,0.203,0.684,0.168,0.125,0.009,0.004,15.5,2.1,201,8
Cyanobacteria,Nodularia spumigena,16.76903,58.61156,-10,7.75,18.6,46.0530014,1.32,0.194,0.85,0.374,0.186,0.005,0.002,14.9,0.7,175,42
Cyanobacteria,Nodularia spumigena,19.80817,63.525,-8,5.91,16.63,47.5320015,1.596,1.209,2.506,0.2,0.001,0.006,0.001,13.3,-4,171,16
Cyanobacteria,Nodularia spumigena,17.62533,58.803,-15,7.9,18.57,47.39400101,1.387,0.11,0.632,0.354,0.178,0.003,0.001,15.5,1.1,153,2
Cyanobacteria,Nodularia spumigena,18.2645,62.8635,-35,6.08,17.33,48.19200134,1.146,0.488,1.716,0.209,0.009,0.003,0.001,13.5,-3.3,184,48
Cyanobacteria,Nodularia spumigena,21.04117,64.82983,-6,4.81,15.79,44.97299957,3.345,4.844,3.11,0.043,0,0.002,0,12.7,-5.4,166,39
Cyanobacteria,Nodularia spumigena,18.26567,62.86333,-35,6.08,17.33,48.19200134,1.146,0.488,1.716,0.209,0.009,0.003,0.001,13.5,-3.3,184,48
Cyanobacteria,Nodularia spumigena,18.7065,63.15433,-42,6.36,16.33,47.53099823,1.293,0.522,1.885,0.206,0.008,0.003,0.001,13.5,-3.4,178,1
Cyanobacteria,Nodularia spumigena,19.822,63.50083,-8,5.91,16.63,47.5320015,1.596,1.209,2.506,0.2,0.001,0.006,0.001,13.3,-4,171,16
Cyanobacteria,Nodularia spumigena,19.8075,63.525,-8,5.91,16.63,47.5320015,1.596,1.209,2.506,0.2,0.001,0.006,0.001,13.3,-4,171,16
Cyanobacteria,Nodularia spumigena,19.807,63.5255,-8,5.91,16.63,47.5320015,1.596,1.209,2.506,0.2,0.001,0.006,0.001,13.3,-4,171,16
Cyanobacteria,Nodularia spumigena,11.10333,58.86833,-50,9.34,18.65,47.4659996,12.555,0.699,2.272,0.254,0.02,0.012,0.002,8.2,1.3,210,21
Cyanobacteria,Nodularia spumigena,14.2975,55.65,-20,9.1,18.71,45.64300156,1.044,0.042,0.222,0.303,0.343,0.002,0.001,15.3,2.3,167,41
Cyanobacteria,Nodularia spumigena,18.91088,57.68527,-7,8.64,18.99,50.17599869,0.63,0.02,0.288,0.285,0.262,0.001,0,8.2,5.1,138,11
Cyanobacteria,Nodularia spumigena,18.13132,57.40002,-9,8.9,18.7,50.19800186,0.757,0.058,0.642,0.297,0.254,0.001,0,8.6,1.6,131,7
Cyanobacteria,Nodularia spumigena,18.59833,57.855,-47,8.39,18.05,51.05599976,0.731,0.049,0.514,0.284,0.235,0.001,0,8.1,4.9,136,34
Cyanobacteria,Nodularia spumigena,19.03677,57.89317,-6,8.22,18.45,50.25400162,0.673,0.03,0.373,0.284,0.246,0.001,0,8,5,138,11
Cyanobacteria,Nodularia spumigena,18.86117,59.63282,-2,7.08,17.1,50.53900146,1.12,0.037,0.416,0.318,0.119,0.001,0,14.7,0,152,18
Cyanobacteria,Nodularia spumigena,18.26383,62.86383,-35,6.08,17.33,48.19200134,1.146,0.488,1.716,0.209,0.009,0.003,0.001,13.5,-3.3,184,48
Cyanobacteria,Nodularia spumigena,19.80867,63.52533,-8,5.91,16.63,47.5320015,1.596,1.209,2.506,0.2,0.001,0.006,0.001,13.3,-4,171,16
Cyanobacteria,Nodularia spumigena,18.26433,62.864,-35,6.08,17.33,48.19200134,1.146,0.488,1.716,0.209,0.009,0.003,0.001,13.5,-3.3,184,48
Cyanobacteria,Nodularia spumigena,18.2925,63.0035,-7,5.69,16.09,46.68600082,1.209,0.506,1.806,0.208,0.008,0.003,0.001,13.2,-3.5,186,67
Cyanobacteria,Nodularia spumigena,18.44812,62.94882,-18,5.85,15.94,50.47999954,1.191,0.492,1.764,0.208,0.009,0.003,0.001,13.4,-3.4,183,46
Cyanobacteria,Nodularia spumigena,11.68667,57.6675,-8,10.28,18.76,47.29000092,16.321,0.714,2.271,0.244,0.072,0.016,0.004,12.5,1.4,192,20
Cyanobacteria,Nodularia spumigena,11.40333,58.34333,-4,9.07,19.68,48.50799942,13.147,0.438,2.052,0.254,0.053,0.008,0.003,12.3,1.4,201,30
Cyanobacteria,Nodularia spumigena,11.59333,57.91967,-2,9.68,20.08,46.43299866,15.229,0.807,2.499,0.256,0.058,0.018,0.004,12.4,1.4,196,33
Cyanobacteria,Nodularia spumigena,14.82417,56.11167,-12,9,19.21,46.15000153,1.101,0.089,0.252,0.33,0.324,0.005,0.002,15.5,2.3,163,3
Cyanobacteria,Nodularia spumigena,18.11402,59.0411,-9,7.79,17.42,46.43500137,1.125,0.172,0.597,0.36,0.16,0.006,0.001,15.6,1,157,21
Cyanobacteria,Nodularia spumigena,17.9032,58.85692,-1,7.59,18.94,48.53300095,1.287,0.149,0.612,0.357,0.169,0.005,0.002,15.5,1.1,151,15
Cyanobacteria,Nodularia spumigena,17.03853,58.64547,-16,7.79,18.32,46.22999954,1.349,0.184,0.821,0.372,0.183,0.005,0.002,15.2,0.9,169,14
Cyanobacteria,Nodularia spumigena,18.90833,60.13667,-86,7.19,17.51,46.34999847,0.754,0.066,0.433,0.273,0.073,0.001,0,14.4,-0.5,162,9
Cyanobacteria,Nodularia spumigena,11.43333,58.25833,-19,9.26,19.05,47.83399963,13.748,0.472,2.128,0.254,0.056,0.009,0.003,12.3,1.5,200,24
Cyanobacteria,Nodularia spumigena,19.8095,63.525,-8,5.91,16.63,47.5320015,1.596,1.209,2.506,0.2,0.001,0.006,0.001,13.3,-4,171,16
Cyanobacteria,Nodularia spumigena,17.61667,58.8,-15,7.9,18.57,47.39400101,1.387,0.11,0.632,0.354,0.178,0.003,0.001,15.5,1.1,153,2
Cyanobacteria,Nodularia spumigena,18.26617,62.864,-35,6.08,17.33,48.19200134,1.146,0.488,1.716,0.209,0.009,0.003,0.001,13.5,-3.3,184,48
Cyanobacteria,Nodularia spumigena,17.56452,62.34492,-27,6.37,16.94,48.00899887,0.847,1.301,3.331,0.219,0.003,0.01,0.001,13.2,-2.6,187,4
Cyanobacteria,Nodularia spumigena,20.33733,63.70217,-5,5.8,17.9,47.48699951,2.201,2.293,2.564,0.164,0,0.007,0.001,13.2,-4.1,165,12
Cyanobacteria,Nodularia spumigena,19.80733,63.52483,-8,5.91,16.63,47.5320015,1.596,1.209,2.506,0.2,0.001,0.006,0.001,13.3,-4,171,16
Cyanobacteria,Nodularia spumigena,18.26333,62.86383,-35,6.08,17.33,48.19200134,1.146,0.488,1.716,0.209,0.009,0.003,0.001,13.5,-3.3,184,48
Cyanobacteria,Nodularia spumigena,18.26317,62.863,-35,6.08,17.33,48.19200134,1.146,0.488,1.716,0.209,0.009,0.003,0.001,13.5,-3.3,184,48
Cyanobacteria,Nodularia spumigena,11.692,57.67817,-8,10.28,18.76,47.29000092,16.321,0.714,2.271,0.244,0.072,0.016,0.004,12.5,1.4,192,20
Cyanobacteria,Nodularia spumigena,19.81883,63.49933,-10,5.84,16.02,47.87400055,1.58,1.08,2.47,0.2,0.001,0.005,0.001,13.3,-3.8,171,2
Cyanobacteria,Nodularia spumigena,11.77333,58.3125,-9,9.01,19.06,46.09400177,13.89,0.591,2.282,0.254,0.055,0.012,0.003,8.1,1.4,204,24
Cyanobacteria,Nodularia spumigena,12.44606,56.30199,-22,9.9,18.97,46.85900116,11.719,0.193,0.659,0.16,0.125,0.008,0.003,15.4,1.9,203,16
Cyanobacteria,Nodularia spumigena,12.88583,55.48083,-4,9.67,18.79,48.47900009,2.1,0.047,0.171,0.222,0.378,0.003,0.002,15.6,2.9,166,-1
Cyanobacteria,Nodularia spumigena,12.6,55.68,-7,9.58,18.45,45.06600189,2.38,0.066,0.242,0.218,0.349,0.004,0.002,15.8,3,182,3
Cyanobacteria,Nodularia spumigena,19.8075,63.52517,-8,5.91,16.63,47.5320015,1.596,1.209,2.506,0.2,0.001,0.006,0.001,13.3,-4,171,16
Cyanobacteria,Nodularia spumigena,19.79733,63.50783,-8,5.91,16.63,47.5320015,1.596,1.209,2.506,0.2,0.001,0.006,0.001,13.3,-4,171,16
Cyanobacteria,Nodularia spumigena,19.825,63.49167,-10,5.84,16.02,47.87400055,1.58,1.08,2.47,0.2,0.001,0.005,0.001,13.3,-3.8,171,2
Cyanobacteria,Nodularia spumigena,12.42,55.080002,-12,9.45,18.39,47.28499985,3.387,0.009,0.145,0.229,0.376,0.001,0,15.6,2.9,168,17
Cyanobacteria,Nodularia spumigena,10,55,-30,10.23,19.19,45.48600006,14.3,0.211,0.762,0.226,0.247,0.009,0.005,9.4,2.9,196,30
Cyanobacteria,Nodularia spumigena,12.8875,55.8025,-10,9.53,18.43,47.98899841,4.716,0.082,0.274,0.213,0.336,0.004,0.003,15.5,2.7,185,4
Cyanobacteria,Nodularia spumigena,12.53333,56.49167,-20,9.9,19.25,48.0909996,11.656,0.221,0.678,0.149,0.117,0.008,0.004,15.5,2,212,8
Cyanobacteria,Nodularia spumigena,12.9725,55.66667,-9,9.53,18.57,45.54299927,2.099,0.048,0.17,0.222,0.378,0.003,0.002,15.5,2.7,184,3
Cyanobacteria,Nodularia spumigena,14.9,55.220001,-36,9.42,18.51,49.07300186,0.939,0.012,0.222,0.269,0.369,0.001,0,15.1,1.8,155,91
Cyanobacteria,Nodularia spumigena,13.388056,54.097222,-14,10.24,20.1,44.88499832,3.078,0.938,4.452,0.382,0.435,0.021,0.007,16.4,3.1,177,1
Cyanobacteria,Nodularia spumigena,13.0593,55.674429,-5,9.46,18.8,50.62099838,1.905,0.047,0.166,0.222,0.378,0.003,0.002,15.4,2.7,184,5
Cyanobacteria,Nodularia spumigena,13.07933,55.688171,-5,9.46,18.8,50.62099838,1.905,0.047,0.166,0.222,0.378,0.003,0.002,15.4,2.7,184,5
Cyanobacteria,Aphanizomenon flos-aquae,16.5989,57.887,-8,8.26,18.25,46.57099915,1.089,0.171,0.829,0.355,0.221,0.004,0.002,15.3,1.4,159,10
Cyanobacteria,Aphanizomenon flos-aquae,23.2538,59.8822,-5,7.41,17.9,47.97800064,2.055,4.21,11.073,0.267,0,0.005,0.001,14.4,-1.4,184,23
Cyanobacteria,Aphanizomenon flos-aquae,18.03,60.48,-8,7.17,17.49,48.26699829,0.527,0.269,1.216,0.199,0.017,0.004,0.001,14.3,-0.9,181,8
Cyanobacteria,Aphanizomenon flos-aquae,16.8513,57.1505,-27,8.41,18.67,47.94300079,1.022,0.048,0.464,0.33,0.256,0.001,0.001,15.5,1.8,139,7
Cyanobacteria,Aphanizomenon flos-aquae,11.9371,57.50609,-1,9.8,19.52,47.57699966,15.883,0.486,1.781,0.203,0.094,0.012,0.003,12.6,1.7,206,35
Cyanobacteria,Aphanizomenon flos-aquae,18.689432,59.305212,-13,6.96,16.54,49.36700058,1.166,0.048,0.497,0.349,0.147,0.001,0,15.1,4.9,151,13
Cyanobacteria,Anabaena,11.310001,64.47,-36,7.13,15.38,39.67200089,3.063,1.925,6.007,0.454,0.051,0.008,0,5.5,7,297,109
Cyanobacteria,Anabaena,22.3745,65.80733,-5,6.39,17.32,46.29199982,3.12,5.821,4.388,0.049,0,0.003,0,12.4,-6.4,146,11
Cyanobacteria,Anabaena,18.8527,59.31379,-14,7.61,17.73,48.34799957,1.169,0.052,0.52,0.354,0.144,0.001,0,15,4.7,146,9
Cyanobacteria,Anabaena,10.569384,59.814999,-60,8.91,18.46,44.97100067,12.462,1.711,3.545,0.259,0.002,0.021,0.003,11.7,0.7,222,10
Cyanobacteria,Anabaena,18.70947,59.33299,-13,6.96,16.54,49.36700058,1.166,0.048,0.497,0.349,0.147,0.001,0,15.1,4.9,151,13
Cyanobacteria,Anabaena,18.26417,62.8635,-35,6.08,17.33,48.19200134,1.146,0.488,1.716,0.209,0.009,0.003,0.001,13.5,-3.3,184,48
Cyanobacteria,Anabaena,19.81867,63.49967,-10,5.84,16.02,47.87400055,1.58,1.08,2.47,0.2,0.001,0.005,0.001,13.3,-3.8,171,2
Cyanobacteria,Anabaena,18.2655,62.86367,-35,6.08,17.33,48.19200134,1.146,0.488,1.716,0.209,0.009,0.003,0.001,13.5,-3.3,184,48
Cyanobacteria,Anabaena,19.81917,63.499,-10,5.84,16.02,47.87400055,1.58,1.08,2.47,0.2,0.001,0.005,0.001,13.3,-3.8,171,2
Cyanobacteria,Anabaena,22.44717,65.72967,-6,6.11,17.3,44.95100021,3.121,5.827,4.424,0.05,0,0.002,0,12.6,-6.3,146,1
Cyanobacteria,Anabaena,18.90051,59.74159,-1,7.45,17.42,49.34899902,1.061,0.038,0.394,0.305,0.111,0.001,0,14.6,-0.1,154,16
Cyanobacteria,Anabaena,22.37533,65.80733,-5,6.39,17.32,46.29199982,3.12,5.821,4.388,0.049,0,0.003,0,12.4,-6.4,146,11
Cyanobacteria,Anabaena,18.2655,62.8635,-35,6.08,17.33,48.19200134,1.146,0.488,1.716,0.209,0.009,0.003,0.001,13.5,-3.3,184,48
Cyanobacteria,Anabaena,18.26467,62.86367,-35,6.08,17.33,48.19200134,1.146,0.488,1.716,0.209,0.009,0.003,0.001,13.5,-3.3,184,48
Cyanobacteria,Anabaena,22.44767,65.73033,-6,6.11,17.3,44.95100021,3.121,5.827,4.424,0.05,0,0.002,0,12.6,-6.3,146,1
Cyanobacteria,Anabaena,18.6845,63.237,-12,5.35,17.39,46.52000046,1.309,0.542,1.936,0.207,0.007,0.003,0.001,13.4,-3.6,182,34
Cyanobacteria,Anabaena,18.70367,63.21883,-12,5.35,17.39,46.52000046,1.309,0.542,1.936,0.207,0.007,0.003,0.001,13.4,-3.6,182,34
Cyanobacteria,Anabaena,18.755,63.22217,-16,5.91,16.1,46.52000046,1.313,0.542,1.944,0.206,0.007,0.003,0.001,13.4,-3.6,179,25
Cyanobacteria,Anabaena,18.703,63.22833,-12,5.35,17.39,46.52000046,1.309,0.542,1.936,0.207,0.007,0.003,0.001,13.4,-3.6,182,34
Cyanobacteria,Anabaena,18.85633,63.28367,-4,5.66,17.45,46.75999832,1.334,0.579,2.017,0.207,0.006,0.003,0.001,13.3,-3.7,179,33
Cyanobacteria,Anabaena,18.86833,63.28133,-4,5.66,17.45,46.75999832,1.334,0.579,2.017,0.207,0.006,0.003,0.001,13.3,-3.7,179,33
Cyanobacteria,Anabaena,18.12167,62.814,-23,6.06,17.65,46.9980011,1.071,0.529,1.76,0.209,0.008,0.004,0.001,13.5,-3.2,185,52
Cyanobacteria,Anabaena,18.0505,62.83117,-35,5.88,18.17,47.26100159,1.049,0.534,1.769,0.209,0.008,0.004,0.001,13.6,-2.9,183,15
Cyanobacteria,Anabaena,18.07633,62.8365,-13,5.8,19.97,44.3769989,1.114,0.489,1.713,0.209,0.009,0.003,0.001,13.3,-3.2,186,48
Cyanobacteria,Anabaena,18.0035,62.8365,-13,5.8,19.97,44.3769989,1.114,0.489,1.713,0.209,0.009,0.003,0.001,13.3,-3.2,186,48
Cyanobacteria,Anabaena,18.32867,62.87167,-35,6.08,17.33,48.19200134,1.146,0.488,1.716,0.209,0.009,0.003,0.001,13.5,-3.3,184,48
Cyanobacteria,Anabaena,18.52844,59.23552,-22,7.75,17.69,47.12200165,1.114,0.059,0.525,0.353,0.153,0.002,0,15.3,0.7,155,24
Cyanobacteria,Anabaena,18.263,62.8635,-35,6.08,17.33,48.19200134,1.146,0.488,1.716,0.209,0.009,0.003,0.001,13.5,-3.3,184,48
Cyanobacteria,Anabaena,22.37617,65.80833,-5,6.39,17.32,46.29199982,3.12,5.821,4.388,0.049,0,0.003,0,12.4,-6.4,146,11
Cyanobacteria,Anabaena,22.44667,65.73417,-6,6.11,17.3,44.95100021,3.121,5.827,4.424,0.05,0,0.002,0,12.6,-6.3,146,1
Cyanobacteria,Anabaena,18.73267,63.2345,-12,5.35,17.39,46.52000046,1.309,0.542,1.936,0.207,0.007,0.003,0.001,13.4,-3.6,182,34
Cyanobacteria,Anabaena,18.86083,63.28167,-4,5.66,17.45,46.75999832,1.334,0.579,2.017,0.207,0.006,0.003,0.001,13.3,-3.7,179,33
Cyanobacteria,Anabaena,18.8735,63.265,-4,5.66,17.45,46.75999832,1.334,0.579,2.017,0.207,0.006,0.003,0.001,13.3,-3.7,179,33
Cyanobacteria,Anabaena,18.08867,62.81617,-23,6.06,17.65,46.9980011,1.071,0.529,1.76,0.209,0.008,0.004,0.001,13.5,-3.2,185,52
Cyanobacteria,Anabaena,18.03383,62.85067,-13,5.8,19.97,44.3769989,1.114,0.489,1.713,0.209,0.009,0.003,0.001,13.3,-3.2,186,48
Cyanobacteria,Anabaena,18.32533,62.87,-35,6.08,17.33,48.19200134,1.146,0.488,1.716,0.209,0.009,0.003,0.001,13.5,-3.3,184,48
Cyanobacteria,Anabaena,18.51828,63.07405,-27,6.24,16.34,47.13299942,1.241,0.507,1.83,0.207,0.008,0.003,0.001,13.5,-3.4,180,19
Cyanobacteria,Anabaena,18.48355,63.0407,-31,5.64,16.23,47.13299942,1.22,0.507,1.827,0.207,0.008,0.003,0.001,13.3,-3.5,183,49
Cyanobacteria,Anabaena,19.07576,59.72191,-8,7.49,17.73,48.08100128,1.017,0.038,0.392,0.303,0.11,0.001,0,14.5,-0.2,151,19
Cyanobacteria,Anabaena,18.95156,59.77823,-1,7.07,17.09,49.05500031,0.95,0.041,0.381,0.297,0.104,0.001,0,14.5,-0.3,155,22
Cyanobacteria,Anabaena,18.26383,62.863,-35,6.08,17.33,48.19200134,1.146,0.488,1.716,0.209,0.009,0.003,0.001,13.5,-3.3,184,48
Cyanobacteria,Anabaena,22.44667,65.73,-6,6.11,17.3,44.95100021,3.121,5.827,4.424,0.05,0,0.002,0,12.6,-6.3,146,1
Cyanobacteria,Anabaena,19.81967,63.49883,-10,5.84,16.02,47.87400055,1.58,1.08,2.47,0.2,0.001,0.005,0.001,13.3,-3.8,171,2
Cyanobacteria,Anabaena,18.43413,62.9496,-18,5.85,15.94,50.47999954,1.191,0.492,1.764,0.208,0.009,0.003,0.001,13.4,-3.4,183,46
Cyanobacteria,Anabaena,22.4465,65.72967,-6,6.11,17.3,44.95100021,3.121,5.827,4.424,0.05,0,0.002,0,12.6,-6.3,146,1
Cyanobacteria,Anabaena,18.75983,63.22233,-16,5.91,16.1,46.52000046,1.313,0.542,1.944,0.206,0.007,0.003,0.001,13.4,-3.6,179,25
Cyanobacteria,Anabaena,18.71267,63.231,-12,5.35,17.39,46.52000046,1.309,0.542,1.936,0.207,0.007,0.003,0.001,13.4,-3.6,182,34
Cyanobacteria,Anabaena,17.70367,62.99317,-6,5.32,18.33,45.48699951,1.092,0.562,1.841,0.209,0.008,0.004,0.001,12.8,-3.4,189,92
Cyanobacteria,Anabaena,18.8795,63.26983,-4,5.66,17.45,46.75999832,1.334,0.579,2.017,0.207,0.006,0.003,0.001,13.3,-3.7,179,33
Cyanobacteria,Anabaena,18.56283,63.09017,-16,6.11,16.45,46.68899918,1.287,0.511,1.848,0.207,0.008,0.003,0.001,13.3,-3.5,182,38
Cyanobacteria,Anabaena,18.03633,62.82367,-35,5.88,18.17,47.26100159,1.049,0.534,1.769,0.209,0.008,0.004,0.001,13.6,-2.9,183,15
Cyanobacteria,Anabaena,18.329,62.87117,-35,6.08,17.33,48.19200134,1.146,0.488,1.716,0.209,0.009,0.003,0.001,13.5,-3.3,184,48
Cyanobacteria,Anabaena,18.7405,63.234,-12,5.35,17.39,46.52000046,1.309,0.542,1.936,0.207,0.007,0.003,0.001,13.4,-3.6,182,34
Cyanobacteria,Anabaena,18.709,63.21183,-12,5.35,17.39,46.52000046,1.309,0.542,1.936,0.207,0.007,0.003,0.001,13.4,-3.6,182,34
Cyanobacteria,Anabaena,17.723,62.987,-6,5.32,18.33,45.48699951,1.092,0.562,1.841,0.209,0.008,0.004,0.001,12.8,-3.4,189,92
Cyanobacteria,Anabaena,18.85833,63.28283,-4,5.66,17.45,46.75999832,1.334,0.579,2.017,0.207,0.006,0.003,0.001,13.3,-3.7,179,33
Cyanobacteria,Anabaena,18.5855,63.099,-31,6.22,16.1,47.53099823,1.29,0.519,1.879,0.207,0.008,0.003,0.001,13.4,-3.4,179,16
Cyanobacteria,Anabaena,18.027,62.81867,-35,5.88,18.17,47.26100159,1.049,0.534,1.769,0.209,0.008,0.004,0.001,13.6,-2.9,183,15
Cyanobacteria,Anabaena,18.0235,62.84067,-13,5.8,19.97,44.3769989,1.114,0.489,1.713,0.209,0.009,0.003,0.001,13.3,-3.2,186,48
Cyanobacteria,Anabaena,18.33067,62.87283,-35,6.08,17.33,48.19200134,1.146,0.488,1.716,0.209,0.009,0.003,0.001,13.5,-3.3,184,48
Cyanobacteria,Anabaena,10.2747,56.062,-9,9.76,18.37,43.0530014,16.474,0.107,0.55,0.246,0.188,0.006,0.003,8.7,2.5,168,6
Cyanobacteria,Anabaena,18.2615,62.864,-35,6.08,17.33,48.19200134,1.146,0.488,1.716,0.209,0.009,0.003,0.001,13.5,-3.3,184,48
Cyanobacteria,Anabaena,22.37483,65.8075,-5,6.39,17.32,46.29199982,3.12,5.821,4.388,0.049,0,0.003,0,12.4,-6.4,146,11
Cyanobacteria,Anabaena,22.44717,65.73017,-6,6.11,17.3,44.95100021,3.121,5.827,4.424,0.05,0,0.002,0,12.6,-6.3,146,1
Cyanobacteria,Anabaena,18.44667,63.039,-31,5.64,16.23,47.13299942,1.22,0.507,1.827,0.207,0.008,0.003,0.001,13.3,-3.5,183,49
Cyanobacteria,Anabaena,18.61483,63.1725,-8,5.48,15.14,48.79999924,1.305,0.541,1.931,0.207,0.007,0.003,0.001,12.9,-4,186,108
Cyanobacteria,Anabaena,19.02881,59.78752,-8,7.06,17.43,49.05500031,0.951,0.04,0.373,0.294,0.103,0.001,0,14.4,-0.2,152,14
Cyanobacteria,Anabaena,18.75583,63.2285,-16,5.91,16.1,46.52000046,1.313,0.542,1.944,0.206,0.007,0.003,0.001,13.4,-3.6,179,25
Cyanobacteria,Anabaena,18.70817,63.22617,-12,5.35,17.39,46.52000046,1.309,0.542,1.936,0.207,0.007,0.003,0.001,13.4,-3.6,182,34
Cyanobacteria,Anabaena,17.699,62.99733,-6,5.32,18.33,45.48699951,1.092,0.562,1.841,0.209,0.008,0.004,0.001,12.8,-3.4,189,92
Cyanobacteria,Anabaena,18.86133,63.28017,-4,5.66,17.45,46.75999832,1.334,0.579,2.017,0.207,0.006,0.003,0.001,13.3,-3.7,179,33
Cyanobacteria,Anabaena,18.05433,62.832,-35,5.88,18.17,47.26100159,1.049,0.534,1.769,0.209,0.008,0.004,0.001,13.6,-2.9,183,15
Cyanobacteria,Anabaena,18.00033,62.83517,-13,5.8,19.97,44.3769989,1.114,0.489,1.713,0.209,0.009,0.003,0.001,13.3,-3.2,186,48
Cyanobacteria,Anabaena,18.326,62.87017,-35,6.08,17.33,48.19200134,1.146,0.488,1.716,0.209,0.009,0.003,0.001,13.5,-3.3,184,48
Cyanobacteria,Anabaena,19.80817,63.52517,-8,5.91,16.63,47.5320015,1.596,1.209,2.506,0.2,0.001,0.006,0.001,13.3,-4,171,16
Cyanobacteria,Anabaena,22.375,65.8075,-5,6.39,17.32,46.29199982,3.12,5.821,4.388,0.049,0,0.003,0,12.4,-6.4,146,11
Cyanobacteria,Anabaena,18.26367,62.86367,-35,6.08,17.33,48.19200134,1.146,0.488,1.716,0.209,0.009,0.003,0.001,13.5,-3.3,184,48
Cyanobacteria,Anabaena,18.264,62.864,-35,6.08,17.33,48.19200134,1.146,0.488,1.716,0.209,0.009,0.003,0.001,13.5,-3.3,184,48
Cyanobacteria,Anabaena,22.4465,65.72983,-6,6.11,17.3,44.95100021,3.121,5.827,4.424,0.05,0,0.002,0,12.6,-6.3,146,1
Cyanobacteria,Anabaena,18.48382,60.17682,-3,6.53,16.88,45.58300018,0.563,0.091,0.582,0.228,0.047,0.002,0,14.4,-0.6,172,19
Cyanobacteria,Anabaena,19.80867,63.52517,-8,5.91,16.63,47.5320015,1.596,1.209,2.506,0.2,0.001,0.006,0.001,13.3,-4,171,16
Cyanobacteria,Anabaena,18.57657,60.10985,-11,7.21,17.92,45.80099869,0.659,0.074,0.48,0.253,0.062,0.002,0,14.5,-0.5,169,20
Cyanobacteria,Anabaena,22.37417,65.80667,-5,6.39,17.32,46.29199982,3.12,5.821,4.388,0.049,0,0.003,0,12.4,-6.4,146,11
Cyanobacteria,Anabaena,18.432,63.035,-31,5.64,16.23,47.13299942,1.22,0.507,1.827,0.207,0.008,0.003,0.001,13.3,-3.5,183,49
Cyanobacteria,Anabaena,16.56367,58.44867,-2,6.88,18.3,45.32400131,1.27,0.197,0.875,0.374,0.19,0.005,0.002,15,0.9,173,32
Cyanobacteria,Anabaena,22.44683,65.73,-6,6.11,17.3,44.95100021,3.121,5.827,4.424,0.05,0,0.002,0,12.6,-6.3,146,1
Cyanobacteria,Anabaena,16.38633,58.64067,-7,7.63,18.76,46.99700165,1.314,0.189,0.849,0.374,0.187,0.005,0.002,15,0.9,176,9
Cyanobacteria,Anabaena,19.92334,63.61536,-6,5.98,16.35,46.22499847,1.774,1.585,2.579,0.194,0.001,0.007,0.001,13.3,-4,169,9
Cyanobacteria,Anabaena,19.92145,63.61183,-6,5.98,16.35,46.22499847,1.774,1.585,2.579,0.194,0.001,0.007,0.001,13.3,-4,169,9
Cyanobacteria,Anabaena,22.27768,65.63102,-4,5.81,18.02,47.01800156,3.126,5.72,4.282,0.046,0,0.002,0,12.5,-6.4,145,21
Cyanobacteria,Anabaena,22.27467,65.63079,-4,5.81,18.02,47.01800156,3.126,5.72,4.282,0.046,0,0.002,0,12.5,-6.4,145,21
Cyanobacteria,Anabaena,22.11444,65.51672,-4,5.32,18.2,46.88999939,3.132,5.725,4.027,0.042,0.001,0.004,0,12.6,-6.2,146,15
Cyanobacteria,Anabaena,20.43181,63.71095,-8,5.76,16.05,47.48699951,2.371,2.425,2.564,0.162,0.001,0.008,0.001,13.2,1.6,164,4
Cyanobacteria,Anabaena,20.42726,63.70906,-8,5.76,16.05,47.48699951,2.371,2.425,2.564,0.162,0.001,0.008,0.001,13.2,1.6,164,4
Cyanobacteria,Anabaena,21.03525,64.85757,-7,3.95,15.19,44.92200089,3.343,4.889,3.029,0.041,0,0.002,0,12.7,-5.4,166,30
Cyanobacteria,Anabaena,20.69044,63.84903,-3,5.54,15.83,43.66999817,2.882,2.869,2.999,0.092,0,0.003,0,13,-4.3,165,27
Cyanobacteria,Anabaena,20.70346,63.83087,-4,5.55,15.92,47.55899811,2.749,2.638,2.82,0.103,0,0.004,0,13.2,1.4,163,6
Cyanobacteria,Anabaena,21.97644,65.47475,-11,4.94,17.55,45.86500168,3.159,5.536,3.86,0.039,0,0.003,0,12.6,-6.1,148,11
Cyanobacteria,Anabaena,22.04361,65.48991,-5,5.42,17.36,45.86500168,3.157,5.567,3.886,0.04,0,0.003,0,12.6,-6.1,147,5
Cyanobacteria,Anabaena,22.25156,65.66445,-4,5.81,18.02,47.01800156,3.126,5.72,4.282,0.046,0,0.002,0,12.5,-6.4,145,21
Cyanobacteria,Anabaena,20.39906,63.6908,-5,5.8,17.9,47.48699951,2.201,2.293,2.564,0.164,0,0.007,0.001,13.2,-4.1,165,12
Cyanobacteria,Anabaena,20.39906,63.68799,-5,5.8,17.9,47.48699951,2.201,2.293,2.564,0.164,0,0.007,0.001,13.2,-4.1,165,12
Cyanobacteria,Anabaena,22.446,65.73017,-6,6.11,17.3,44.95100021,3.121,5.827,4.424,0.05,0,0.002,0,12.6,-6.3,146,1
Cyanobacteria,Anabaena,22.37533,65.80767,-5,6.39,17.32,46.29199982,3.12,5.821,4.388,0.049,0,0.003,0,12.4,-6.4,146,11
Cyanobacteria,Anabaena,22.27341,65.62811,-4,5.81,18.02,47.01800156,3.126,5.72,4.282,0.046,0,0.002,0,12.5,-6.4,145,21
Cyanobacteria,Anabaena,21.94304,65.5159,-9,5.32,18.31,46.88999939,3.148,5.674,4.013,0.041,0.001,0.004,0,12.5,-6.3,148,34
Cyanobacteria,Anabaena,20.42767,63.71148,-8,5.76,16.05,47.48699951,2.371,2.425,2.564,0.162,0.001,0.008,0.001,13.2,1.6,164,4
Cyanobacteria,Anabaena,20.69433,63.84746,-3,5.54,15.83,43.66999817,2.882,2.869,2.999,0.092,0,0.003,0,13,-4.3,165,27
Cyanobacteria,Anabaena,22.23952,65.66597,-5,5.79,17.8,44.81600189,3.126,5.719,4.273,0.046,0,0.003,0,12.5,-6.4,146,26
Cyanobacteria,Anabaena,20.40458,63.68592,-5,5.8,17.9,47.48699951,2.201,2.293,2.564,0.164,0,0.007,0.001,13.2,-4.1,165,12
Cyanobacteria,Anabaena,19.8185,63.5,-8,5.84,16.63,47.87400055,1.58,1.08,2.47,0.2,0.001,0.005,0.001,13.3,-3.8,171,2
Cyanobacteria,Anabaena,22.44617,65.73017,-6,6.11,17.3,44.95100021,3.121,5.827,4.424,0.05,0,0.002,0,12.6,-6.3,146,1
Cyanobacteria,Anabaena,22.448,65.73017,-6,6.11,17.3,44.95100021,3.121,5.827,4.424,0.05,0,0.002,0,12.6,-6.3,146,1
Cyanobacteria,Anabaena,19.80833,63.52533,-8,5.91,16.63,47.5320015,1.596,1.209,2.506,0.2,0.001,0.006,0.001,13.3,-4,171,16
Cyanobacteria,Anabaena,11.76167,57.98967,-10,9.1,19.5,48.65399933,15.226,0.823,2.516,0.257,0.057,0.018,0.004,12.4,1.6,201,17
Cyanobacteria,Anabaena,19.808,63.52467,-8,5.91,16.63,47.5320015,1.596,1.209,2.506,0.2,0.001,0.006,0.001,13.3,-4,171,16
Cyanobacteria,Anabaena,22.44683,65.73017,-6,6.11,17.3,44.95100021,3.121,5.827,4.424,0.05,0,0.002,0,12.6,-6.3,146,1
Cyanobacteria,Anabaena,19.17,63.29833,-15,6.25,16.46,46.625,1.404,0.646,2.118,0.208,0.005,0.003,0,13.4,-3.6,175,1
Cyanobacteria,Anabaena,19.1375,63.2975,-5,6.15,16.24,46.625,1.392,0.613,2.06,0.207,0.005,0.003,0,13.4,-3.6,176,9
Cyanobacteria,Anabaena,19.18167,63.3125,-15,6.25,16.46,46.625,1.404,0.646,2.118,0.208,0.005,0.003,0,13.4,-3.6,175,1
Cyanobacteria,Anabaena,19.17797,63.31266,-15,6.25,16.46,46.625,1.404,0.646,2.118,0.208,0.005,0.003,0,13.4,-3.6,175,1
Cyanobacteria,Anabaena,19.13652,63.29612,-5,6.15,16.24,46.625,1.392,0.613,2.06,0.207,0.005,0.003,0,13.4,-3.6,176,9
Cyanobacteria,Anabaena,19.16534,63.29508,-5,6.15,16.24,46.625,1.392,0.613,2.06,0.207,0.005,0.003,0,13.4,-3.6,176,9
Cyanobacteria,Anabaena,22.37617,65.80767,-5,6.39,17.32,46.29199982,3.12,5.821,4.388,0.049,0,0.003,0,12.4,-6.4,146,11
Cyanobacteria,Anabaena,16.40717,58.60015,-7,7.63,18.76,46.99700165,1.314,0.189,0.849,0.374,0.187,0.005,0.002,15,0.9,176,9
Cyanobacteria,Anabaena,12.77883,56.48467,-14,9.89,19.49,47.04399872,11.51,0.228,0.69,0.15,0.115,0.009,0.004,14.6,1.5,232,135
Cyanobacteria,Anabaena,22.30867,65.6695,-9,5.93,18.86,44.95100021,3.117,5.795,4.359,0.048,0,0.003,0,12.5,-6.4,146,17
Cyanobacteria,Anabaena,22.27183,65.68067,-9,5.93,18.86,44.95100021,3.117,5.795,4.359,0.048,0,0.003,0,12.5,-6.4,146,17
Cyanobacteria,Anabaena,22.27917,65.6805,-9,5.93,18.86,44.95100021,3.117,5.795,4.359,0.048,0,0.003,0,12.5,-6.4,146,17
Cyanobacteria,Anabaena,22.26583,65.6875,-9,5.93,18.86,44.95100021,3.117,5.795,4.359,0.048,0,0.003,0,12.5,-6.4,146,17
Cyanobacteria,Anabaena,22.25167,65.66717,-9,5.93,18.86,44.95100021,3.117,5.795,4.359,0.048,0,0.003,0,12.5,-6.4,146,17
Cyanobacteria,Anabaena,22.25783,65.6455,-4,5.81,18.02,47.01800156,3.126,5.72,4.282,0.046,0,0.002,0,12.5,-6.4,145,21
Cyanobacteria,Anabaena,21.02817,64.84783,-7,3.95,15.19,44.92200089,3.343,4.889,3.029,0.041,0,0.002,0,12.7,-5.4,166,30
Cyanobacteria,Anabaena,22.27983,65.627,-4,5.81,18.02,47.01800156,3.126,5.72,4.282,0.046,0,0.002,0,12.5,-6.4,145,21
Cyanobacteria,Anabaena,21.037,64.85717,-7,3.95,15.19,44.92200089,3.343,4.889,3.029,0.041,0,0.002,0,12.7,-5.4,166,30
Cyanobacteria,Anabaena,22.24217,65.67233,-4,5.82,17.86,46.35100174,3.118,5.743,4.3,0.046,0,0.003,0,12.5,-6.4,145,18
Cyanobacteria,Anabaena,22.262,65.6595,-4,5.81,18.02,47.01800156,3.126,5.72,4.282,0.046,0,0.002,0,12.5,-6.4,145,21
Cyanobacteria,Anabaena,21.42767,65.3105,-7,4.9,16.05,43.85200119,3.247,5.113,3.395,0.039,0,0.001,0,12.7,-5.8,159,10
Cyanobacteria,Anabaena,21.08333,64.82317,-6,4.81,15.79,44.97299957,3.345,4.844,3.11,0.043,0,0.002,0,12.7,-5.4,166,39
Cyanobacteria,Anabaena,20.37767,63.687,-5,5.8,17.9,47.48699951,2.201,2.293,2.564,0.164,0,0.007,0.001,13.2,-4.1,165,12
Cyanobacteria,Anabaena,20.26233,63.66917,-4,5.54,15.71,43.10200119,2.144,2.074,2.531,0.175,0,0.008,0.001,13.1,-4.1,165,9
Cyanobacteria,Anabaena,20.26533,63.66967,-4,5.54,15.71,43.10200119,2.144,2.074,2.531,0.175,0,0.008,0.001,13.1,-4.1,165,9
Cyanobacteria,Anabaena,20.366,63.693,-5,5.8,17.9,47.48699951,2.201,2.293,2.564,0.164,0,0.007,0.001,13.2,-4.1,165,12
Cyanobacteria,Anabaena,19.91667,63.61417,-6,5.98,16.35,46.22499847,1.774,1.585,2.579,0.194,0.001,0.007,0.001,13.3,-4,169,9
Cyanobacteria,Anabaena,20.399,63.698,-5,5.8,17.9,47.48699951,2.201,2.293,2.564,0.164,0,0.007,0.001,13.2,-4.1,165,12
Cyanobacteria,Anabaena,20.4055,63.686,-5,5.8,17.9,47.48699951,2.201,2.293,2.564,0.164,0,0.007,0.001,13.2,-4.1,165,12
Cyanobacteria,Anabaena,20.406,63.6905,-5,5.8,17.9,47.48699951,2.201,2.293,2.564,0.164,0,0.007,0.001,13.2,-4.1,165,12
Cyanobacteria,Anabaena,20.39867,63.68967,-5,5.8,17.9,47.48699951,2.201,2.293,2.564,0.164,0,0.007,0.001,13.2,-4.1,165,12
Cyanobacteria,Anabaena,20.2735,63.66433,-11,5.89,16.34,47.24900055,2.02,1.994,2.555,0.18,0.001,0.008,0.001,13.1,-4,165,4
Cyanobacteria,Anabaena,20.27233,63.65933,-11,5.89,16.34,47.24900055,2.02,1.994,2.555,0.18,0.001,0.008,0.001,13.1,-4,165,4
Cyanobacteria,Anabaena,20.26433,63.66183,-11,5.89,16.34,47.24900055,2.02,1.994,2.555,0.18,0.001,0.008,0.001,13.1,-4,165,4
Cyanobacteria,Anabaena,12.05,57.4067,-10,9.08,19.73,46.5870018,15.529,0.307,1.289,0.182,0.11,0.008,0.003,12.8,1.8,207,10
Cyanobacteria,Anabaena,12.0292,57.36,-10,9.08,19.73,46.5870018,15.529,0.307,1.289,0.182,0.11,0.008,0.003,12.8,1.8,207,10
Cyanobacteria,Anabaena,11.76833,57.67833,-5,9.19,19.21,47.29000092,16.299,0.735,2.282,0.237,0.071,0.017,0.004,12.5,1.4,198,16
Cyanobacteria,Anabaena,11.80833,57.535,-12,9.89,19.37,46.74000168,15.741,0.604,2.013,0.213,0.086,0.014,0.003,12.7,1.6,192,4
Cyanobacteria,Anabaena,21.69033,65.396,-9,5.39,16.79,44.80400085,3.199,5.312,3.615,0.038,0,0.002,0,12.6,-5.9,153,6
Cyanobacteria,Anabaena,21.61583,65.31283,-8,5.28,17.67,45.77399826,3.255,5.17,3.48,0.038,0,0.001,0,12.7,-5.8,156,13
Cyanobacteria,Anabaena,21.61017,65.31517,-8,5.28,17.67,45.77399826,3.255,5.17,3.48,0.038,0,0.001,0,12.7,-5.8,156,13
Cyanobacteria,Anabaena,21.564,65.3825,-10,5.17,17.97,44.79700089,3.227,5.302,3.603,0.039,0,0.002,0,12.7,-5.9,157,6
Cyanobacteria,Anabaena,21.57767,65.37167,-10,5.17,17.97,44.79700089,3.227,5.302,3.603,0.039,0,0.002,0,12.7,-5.9,157,6
Cyanobacteria,Anabaena,21.11767,64.7845,-7,5.24,16.08,44.97299957,3.347,4.853,3.103,0.043,0,0.002,0,12.7,-5.4,166,43
Cyanobacteria,Anabaena,21.53467,65.337,-10,5.17,17.97,44.79700089,3.227,5.302,3.603,0.039,0,0.002,0,12.7,-5.9,157,6
Cyanobacteria,Anabaena,21.53733,65.34217,-10,5.17,17.97,44.79700089,3.227,5.302,3.603,0.039,0,0.002,0,12.7,-5.9,157,6
Cyanobacteria,Anabaena,21.68417,65.393,-9,5.39,16.79,44.80400085,3.199,5.312,3.615,0.038,0,0.002,0,12.6,-5.9,153,6
Cyanobacteria,Anabaena,21.6405,65.3145,-8,5.28,17.67,45.77399826,3.255,5.17,3.48,0.038,0,0.001,0,12.7,-5.8,156,13
Cyanobacteria,Anabaena,21.66417,65.29467,-8,5.28,17.67,45.77399826,3.255,5.17,3.48,0.038,0,0.001,0,12.7,-5.8,156,13
Cyanobacteria,Anabaena,21.55083,65.3805,-10,5.17,17.97,44.79700089,3.227,5.302,3.603,0.039,0,0.002,0,12.7,-5.9,157,6
Cyanobacteria,Anabaena,21.52433,65.39383,-10,5.17,17.97,44.79700089,3.227,5.302,3.603,0.039,0,0.002,0,12.7,-5.9,157,6
Cyanobacteria,Anabaena,21.52133,65.32117,-8,5.71,16.41,45.77399826,3.25,5.166,3.475,0.038,0,0.001,0,12.7,-5.8,157,12
Cyanobacteria,Anabaena,21.49033,65.359,-17,5.6,15.44,44.79700089,3.228,5.251,3.534,0.039,0,0.002,0,12.7,-5.9,159,9
Cyanobacteria,Anabaena,21.47217,65.34817,-17,5.6,15.44,44.79700089,3.228,5.251,3.534,0.039,0,0.002,0,12.7,-5.9,159,9
Cyanobacteria,Anabaena,21.49783,65.35783,-17,5.6,15.44,44.79700089,3.228,5.251,3.534,0.039,0,0.002,0,12.7,-5.9,159,9
Cyanobacteria,Anabaena,21.5325,65.3565,-10,5.17,17.97,44.79700089,3.227,5.302,3.603,0.039,0,0.002,0,12.7,-5.9,157,6
Cyanobacteria,Anabaena,20.495,63.829,-3,5.46,16.55,47.69800186,2.507,2.425,2.668,0.142,0,0.006,0.001,13.1,-4.2,166,25
Cyanobacteria,Anabaena,22.4475,65.73,-6,6.11,17.3,44.95100021,3.121,5.827,4.424,0.05,0,0.002,0,12.6,-6.3,146,1
Cyanobacteria,Anabaena,17.36984,62.46244,-10,4.81,16.11,47.91400146,0.858,1.243,3.207,0.219,0.003,0.01,0.001,12.9,-2.9,190,31
Cyanobacteria,Anabaena,22.30283,65.67783,-9,5.93,18.86,44.95100021,3.117,5.795,4.359,0.048,0,0.003,0,12.5,-6.4,146,17
Cyanobacteria,Anabaena,22.31433,65.6705,-9,5.93,18.86,44.95100021,3.117,5.795,4.359,0.048,0,0.003,0,12.5,-6.4,146,17
Cyanobacteria,Anabaena,22.24667,65.6535,-5,5.79,17.8,44.81600189,3.126,5.719,4.273,0.046,0,0.003,0,12.5,-6.4,146,26
Cyanobacteria,Anabaena,21.08133,64.82517,-6,4.81,15.79,44.97299957,3.345,4.844,3.11,0.043,0,0.002,0,12.7,-5.4,166,39
Cyanobacteria,Anabaena,21.3135,65.358,-17,5.68,15.75,41.43500137,3.229,5.248,3.528,0.039,0,0.002,0,12.6,-5.9,161,15
Cyanobacteria,Anabaena,22.24633,65.65067,-5,5.79,17.8,44.81600189,3.126,5.719,4.273,0.046,0,0.003,0,12.5,-6.4,146,26
Cyanobacteria,Anabaena,21.03417,64.85683,-7,3.95,15.19,44.92200089,3.343,4.889,3.029,0.041,0,0.002,0,12.7,-5.4,166,30
Cyanobacteria,Anabaena,22.263,65.6365,-4,5.81,18.02,47.01800156,3.126,5.72,4.282,0.046,0,0.002,0,12.5,-6.4,145,21
Cyanobacteria,Anabaena,20.379,63.6875,-5,5.8,17.9,47.48699951,2.201,2.293,2.564,0.164,0,0.007,0.001,13.2,-4.1,165,12
Cyanobacteria,Anabaena,20.36667,63.69233,-5,5.8,17.9,47.48699951,2.201,2.293,2.564,0.164,0,0.007,0.001,13.2,-4.1,165,12
Cyanobacteria,Anabaena,19.92233,63.61383,-6,5.98,16.35,46.22499847,1.774,1.585,2.579,0.194,0.001,0.007,0.001,13.3,-4,169,9
Cyanobacteria,Anabaena,20.39717,63.69383,-5,5.8,17.9,47.48699951,2.201,2.293,2.564,0.164,0,0.007,0.001,13.2,-4.1,165,12
Cyanobacteria,Anabaena,20.40433,63.69217,-5,5.8,17.9,47.48699951,2.201,2.293,2.564,0.164,0,0.007,0.001,13.2,-4.1,165,12
Cyanobacteria,Anabaena,20.358,63.6965,-5,5.8,17.9,47.48699951,2.201,2.293,2.564,0.164,0,0.007,0.001,13.2,-4.1,165,12
Cyanobacteria,Anabaena,21.673,65.41617,-9,5.39,16.79,44.80400085,3.199,5.312,3.615,0.038,0,0.002,0,12.6,-5.9,153,6
Cyanobacteria,Anabaena,21.7265,65.39967,-9,5.39,16.79,44.80400085,3.199,5.312,3.615,0.038,0,0.002,0,12.6,-5.9,153,6
Cyanobacteria,Anabaena,21.68017,65.38883,-9,5.39,16.79,44.80400085,3.199,5.312,3.615,0.038,0,0.002,0,12.6,-5.9,153,6
Cyanobacteria,Anabaena,21.6505,65.30133,-8,5.28,17.67,45.77399826,3.255,5.17,3.48,0.038,0,0.001,0,12.7,-5.8,156,13
Cyanobacteria,Anabaena,21.6695,65.29383,-6,4.97,16.35,45.77399826,3.256,5.176,3.489,0.038,0,0.001,0,12.7,-5.8,155,1
Cyanobacteria,Anabaena,21.54033,65.38767,-10,5.17,17.97,44.79700089,3.227,5.302,3.603,0.039,0,0.002,0,12.7,-5.9,157,6
Cyanobacteria,Anabaena,21.55717,65.38467,-10,5.17,17.97,44.79700089,3.227,5.302,3.603,0.039,0,0.002,0,12.7,-5.9,157,6
Cyanobacteria,Anabaena,21.52133,65.3295,-8,5.71,16.41,45.77399826,3.25,5.166,3.475,0.038,0,0.001,0,12.7,-5.8,157,12
Cyanobacteria,Anabaena,21.54483,65.34433,-10,5.17,17.97,44.79700089,3.227,5.302,3.603,0.039,0,0.002,0,12.7,-5.9,157,6
Cyanobacteria,Anabaena,21.49583,65.3555,-17,5.6,15.44,44.79700089,3.228,5.251,3.534,0.039,0,0.002,0,12.7,-5.9,159,9
Cyanobacteria,Anabaena,21.48383,65.355,-17,5.6,15.44,44.79700089,3.228,5.251,3.534,0.039,0,0.002,0,12.7,-5.9,159,9
Cyanobacteria,Anabaena,10.01396,63.40607,-202,8.36,16.07,42.61000061,4.699,2.195,5.893,0.476,0.017,0.016,0.001,5.4,4,228,74
Cyanobacteria,Anabaena,22.44633,65.73033,-6,6.11,17.3,44.95100021,3.121,5.827,4.424,0.05,0,0.002,0,12.6,-6.3,146,1
Cyanobacteria,Anabaena,22.44667,65.7295,-6,6.11,17.3,44.95100021,3.121,5.827,4.424,0.05,0,0.002,0,12.6,-6.3,146,1
Cyanobacteria,Anabaena,21.56683,65.41367,-10,5.17,17.97,44.79700089,3.227,5.302,3.603,0.039,0,0.002,0,12.7,-5.9,157,6
Cyanobacteria,Anabaena,22.27617,65.69183,-9,5.93,18.86,44.95100021,3.117,5.795,4.359,0.048,0,0.003,0,12.5,-6.4,146,17
Cyanobacteria,Anabaena,21.69883,65.39833,-9,5.39,16.79,44.80400085,3.199,5.312,3.615,0.038,0,0.002,0,12.6,-5.9,153,6
Cyanobacteria,Anabaena,21.647,65.324,-8,5.28,17.67,45.77399826,3.255,5.17,3.48,0.038,0,0.001,0,12.7,-5.8,156,13
Cyanobacteria,Anabaena,21.533,65.38967,-10,5.17,17.97,44.79700089,3.227,5.302,3.603,0.039,0,0.002,0,12.7,-5.9,157,6
Cyanobacteria,Anabaena,21.5045,65.32583,-8,5.71,16.41,45.77399826,3.25,5.166,3.475,0.038,0,0.001,0,12.7,-5.8,157,12
Cyanobacteria,Anabaena,21.48133,65.35067,-17,5.6,15.44,44.79700089,3.228,5.251,3.534,0.039,0,0.002,0,12.7,-5.9,159,9
Cyanobacteria,Anabaena,21.06417,64.835,-7,3.95,15.19,44.92200089,3.343,4.889,3.029,0.041,0,0.002,0,12.7,-5.4,166,30
Cyanobacteria,Anabaena,22.80517,65.80483,-8,6.08,17.91,47.03900146,3.143,6.22,4.518,0.056,0,0.004,0,12.4,-6.3,150,9
Cyanobacteria,Anabaena,23.9195,65.744,-6,5.6,17.23,46.73400116,3.397,7.172,4.828,0.061,0,0.004,0,8,-0.2,159,4
Cyanobacteria,Anabaena,18.34277,59.21287,-7,6.85,16.05,48.38399887,1.103,0.08,0.527,0.351,0.153,0.003,0,15.4,0.8,158,25
Cyanobacteria,Anabaena,19.09438,59.74777,-16,7.43,17.68,48.08100128,1.03,0.039,0.391,0.301,0.107,0.001,0,14.4,4.1,146,7
Cyanobacteria,Anabaena,18.47713,60.2155,-3,6.53,16.88,45.58300018,0.563,0.091,0.582,0.228,0.047,0.002,0,14.4,-0.6,172,19
Cyanobacteria,Anabaena,18.27478,60.35582,-8,7.3,17.39,47.35900116,0.542,0.145,0.855,0.206,0.029,0.003,0,14.3,-0.8,176,17
Cyanobacteria,Anabaena,19.818,63.49933,-10,5.84,16.02,47.87400055,1.58,1.08,2.47,0.2,0.001,0.005,0.001,13.3,-3.8,171,2
Cyanobacteria,Anabaena,22.37517,65.80767,-5,6.39,17.32,46.29199982,3.12,5.821,4.388,0.049,0,0.003,0,12.4,-6.4,146,11
Cyanobacteria,Anabaena,22.44617,65.72983,-6,6.11,17.3,44.95100021,3.121,5.827,4.424,0.05,0,0.002,0,12.6,-6.3,146,1
Cyanobacteria,Anabaena,19.4985,63.53717,-6,5.87,16.47,46.86600113,1.567,0.945,2.461,0.205,0.001,0.004,0.001,13.3,-3.9,175,17
Cyanobacteria,Anabaena,20.27433,63.6605,-11,5.89,16.34,47.24900055,2.02,1.994,2.555,0.18,0.001,0.008,0.001,13.1,-4,165,4
Cyanobacteria,Anabaena,23.67133,65.77933,-4,5.59,17.55,47.76200104,3.31,6.946,4.685,0.059,0,0.003,0,7.9,-6.2,156,1
Cyanobacteria,Anabaena,21.18817,64.69167,-11,4.97,16.72,50.72399902,3.34,4.861,3.161,0.043,0,0.003,0,12.8,-5.2,165,23
Cyanobacteria,Anabaena,17.68742,59.11788,-3,6.58,17.69,46.70299911,1.251,0.153,0.604,0.358,0.165,0.005,0.001,15.3,0.8,168,33
Cyanobacteria,Anabaena,22.673,65.8885,-8,7.15,17.41,46.00600052,3.152,6.096,4.475,0.054,0,0.003,0,12.3,-6.5,151,26
Cyanobacteria,Anabaena,22.37483,65.80767,-5,6.39,17.32,46.29199982,3.12,5.821,4.388,0.049,0,0.003,0,12.4,-6.4,146,11
Cyanobacteria,Anabaena,20.4205,63.73817,-8,5.76,16.05,47.48699951,2.371,2.425,2.564,0.162,0.001,0.008,0.001,13.2,1.6,164,4
Cyanobacteria,Anabaena,21.27583,64.617,-7,5.12,16.04,46.10599899,3.33,4.785,3.216,0.044,0,0.002,0,12.8,-5.1,166,27
Cyanobacteria,Anabaena,21.25267,64.30633,-9,5.36,15.59,47.36800003,3.285,3.971,3.52,0.054,0,0.001,0,8.9,-4.7,165,12
Cyanobacteria,Anabaena,21.0875,64.20767,-8,4.98,15.97,47.21300125,3.217,3.741,3.46,0.055,0,0.001,0,8.9,-4.6,165,14
Cyanobacteria,Anabaena,19.82,63.49933,-10,5.84,16.02,47.87400055,1.58,1.08,2.47,0.2,0.001,0.005,0.001,13.3,-3.8,171,2
Cyanobacteria,Anabaena,22.37517,65.8075,-5,6.39,17.32,46.29199982,3.12,5.821,4.388,0.049,0,0.003,0,12.4,-6.4,146,11
Cyanobacteria,Anabaena,22.447,65.73,-6,6.11,17.3,44.95100021,3.121,5.827,4.424,0.05,0,0.002,0,12.6,-6.3,146,1
Cyanobacteria,Anabaena,11.1033,58.8683,-50,9.34,18.65,47.4659996,12.555,0.699,2.272,0.254,0.02,0.012,0.002,8.2,1.3,210,21
Cyanobacteria,Anabaena,22.44683,65.72983,-6,6.11,17.3,44.95100021,3.121,5.827,4.424,0.05,0,0.002,0,12.6,-6.3,146,1
Cyanobacteria,Anabaena,17.66477,62.43612,-9,6.33,17.02,48.36100006,0.872,1.281,3.219,0.22,0.003,0.01,0.001,13.1,-2.8,187,40
Cyanobacteria,Anabaena,22.44733,65.73033,-6,6.11,17.3,44.95100021,3.121,5.827,4.424,0.05,0,0.002,0,12.6,-6.3,146,1
Cyanobacteria,Anabaena,21.99667,65.48667,-11,4.94,17.55,45.86500168,3.159,5.536,3.86,0.039,0,0.003,0,12.6,-6.1,148,11
Cyanobacteria,Anabaena,22.44067,65.48417,-16,5.73,16.99,47.5909996,3.15,5.693,4.097,0.041,0,0.002,0,12.7,-6,147,1
Cyanobacteria,Anabaena,22.16833,65.5665,-8,5.87,18.37,47.31299973,3.135,5.691,4.063,0.042,0,0.003,0,12.6,-6.3,146,18
Cyanobacteria,Anabaena,18.2635,62.864,-35,6.08,17.33,48.19200134,1.146,0.488,1.716,0.209,0.009,0.003,0.001,13.5,-3.3,184,48
Cyanobacteria,Anabaena,19.8195,63.49967,-10,5.84,16.02,47.87400055,1.58,1.08,2.47,0.2,0.001,0.005,0.001,13.3,-3.8,171,2
Cyanobacteria,Anabaena,22.44717,65.73033,-6,6.11,17.3,44.95100021,3.121,5.827,4.424,0.05,0,0.002,0,12.6,-6.3,146,1
Cyanobacteria,Anabaena,17.6407,62.44053,-9,6.33,17.02,48.36100006,0.872,1.281,3.219,0.22,0.003,0.01,0.001,13.1,-2.8,187,40
Cyanobacteria,Anabaena,20.44517,63.7335,-8,5.76,16.05,47.48699951,2.371,2.425,2.564,0.162,0.001,0.008,0.001,13.2,1.6,164,4
Cyanobacteria,Anabaena,19.81833,63.4995,-10,5.84,16.02,47.87400055,1.58,1.08,2.47,0.2,0.001,0.005,0.001,13.3,-3.8,171,2
Cyanobacteria,Anabaena,22.37583,65.808,-5,6.39,17.32,46.29199982,3.12,5.821,4.388,0.049,0,0.003,0,12.4,-6.4,146,11
Cyanobacteria,Anabaena,22.44633,65.72967,-6,6.11,17.3,44.95100021,3.121,5.827,4.424,0.05,0,0.002,0,12.6,-6.3,146,1
Cyanobacteria,Anabaena,22.375,65.80683,-5,6.39,17.32,46.29199982,3.12,5.821,4.388,0.049,0,0.003,0,12.4,-6.4,146,11
Cyanobacteria,Anabaena,18.26233,62.8635,-35,6.08,17.33,48.19200134,1.146,0.488,1.716,0.209,0.009,0.003,0.001,13.5,-3.3,184,48
Cyanobacteria,Anabaena,22.37583,65.80683,-5,6.39,17.32,46.29199982,3.12,5.821,4.388,0.049,0,0.003,0,12.4,-6.4,146,11
Cyanobacteria,Anabaena,18.26433,62.8635,-35,6.08,17.33,48.19200134,1.146,0.488,1.716,0.209,0.009,0.003,0.001,13.5,-3.3,184,48
Cyanobacteria,Anabaena,22.44817,65.73,-6,6.11,17.3,44.95100021,3.121,5.827,4.424,0.05,0,0.002,0,12.6,-6.3,146,1
Cyanobacteria,Anabaena,19.81917,63.5005,-8,5.91,16.63,47.5320015,1.596,1.209,2.506,0.2,0.001,0.006,0.001,13.3,-4,171,16
Cyanobacteria,Anabaena,22.37483,65.80717,-5,6.39,17.32,46.29199982,3.12,5.821,4.388,0.049,0,0.003,0,12.4,-6.4,146,11
Cyanobacteria,Anabaena,22.57233,65.63683,-7,5.42,16.83,46.45299911,3.131,5.849,4.404,0.049,0,0.002,0,12.5,-6.2,149,22
Cyanobacteria,Anabaena,19.80667,63.52483,-8,5.91,16.63,47.5320015,1.596,1.209,2.506,0.2,0.001,0.006,0.001,13.3,-4,171,16
Cyanobacteria,Anabaena,23.674,65.76317,-4,5.59,17.55,47.76200104,3.31,6.946,4.685,0.059,0,0.003,0,7.9,-6.2,156,1
Cyanobacteria,Anabaena,23.94233,65.75133,-4,5.86,16.8,46.04299927,3.384,7.367,5.011,0.064,0.001,0.005,0,7.9,-0.4,160,15
Cyanobacteria,Anabaena,23.69833,65.83,-4,5.59,17.55,47.76200104,3.31,6.946,4.685,0.059,0,0.003,0,7.9,-6.2,156,1
Cyanobacteria,Anabaena,22.704,65.86133,-8,7.15,17.41,46.00600052,3.152,6.096,4.475,0.054,0,0.003,0,12.3,-6.5,151,26
Cyanobacteria,Anabaena,22.64,65.89667,-2,6.02,14.23,45.32500076,3.138,6.064,4.468,0.053,0,0.003,0,12.3,-6.5,150,28
Cyanobacteria,Anabaena,22.413,65.77167,-5,6.39,17.32,46.29199982,3.12,5.821,4.388,0.049,0,0.003,0,12.4,-6.4,146,11
Cyanobacteria,Anabaena,22.43867,65.856,-2,7.22,19.03,45.32500076,3.133,5.97,4.443,0.051,0,0.003,0,12.4,-6.5,147,15
Cyanobacteria,Anabaena,21.93417,65.4375,-11,4.94,17.55,45.86500168,3.159,5.536,3.86,0.039,0,0.003,0,12.6,-6.1,148,11
Cyanobacteria,Anabaena,21.95,65.40833,-7,5.29,16.64,44.81700134,3.185,5.421,3.734,0.038,0,0.002,0,12.6,-6.1,149,16
Cyanobacteria,Anabaena,21.71983,65.32817,-6,4.97,16.35,45.77399826,3.256,5.176,3.489,0.038,0,0.001,0,12.7,-5.8,155,1
Cyanobacteria,Anabaena,21.80033,65.28567,-8,5.22,16.3,44.82300186,3.251,5.177,3.496,0.038,0,0.001,0,12.7,-5.9,154,9
Cyanobacteria,Anabaena,21.48333,64.454,-10,4.99,15.22,46.73600006,3.313,4.417,3.42,0.05,0,0.001,0,8.8,-4.9,164,14
Cyanobacteria,Anabaena,21.57567,64.47167,-6,5.1,15.52,46.73600006,3.307,4.403,3.406,0.05,0,0.001,0,8.8,-4.9,162,5
Cyanobacteria,Anabaena,19.81983,63.4995,-10,5.84,16.02,47.87400055,1.58,1.08,2.47,0.2,0.001,0.005,0.001,13.3,-3.8,171,2
Cyanobacteria,Anabaena,22.44633,65.73083,-6,6.11,17.3,44.95100021,3.121,5.827,4.424,0.05,0,0.002,0,12.6,-6.3,146,1
Cyanobacteria,Anabaena,22.5745,65.63617,-7,5.42,16.83,46.45299911,3.131,5.849,4.404,0.049,0,0.002,0,12.5,-6.2,149,22
Cyanobacteria,Anabaena,22.37517,65.80733,-5,6.39,17.32,46.29199982,3.12,5.821,4.388,0.049,0,0.003,0,12.4,-6.4,146,11
Cyanobacteria,Anabaena,22.37533,65.807,-5,6.39,17.32,46.29199982,3.12,5.821,4.388,0.049,0,0.003,0,12.4,-6.4,146,11
Cyanobacteria,Anabaena,22.44633,65.73,-6,6.11,17.3,44.95100021,3.121,5.827,4.424,0.05,0,0.002,0,12.6,-6.3,146,1
Cyanobacteria,Anabaena,22.37483,65.80733,-5,6.39,17.32,46.29199982,3.12,5.821,4.388,0.049,0,0.003,0,12.4,-6.4,146,11
Cyanobacteria,Anabaena,22.447,65.72967,-6,6.11,17.3,44.95100021,3.121,5.827,4.424,0.05,0,0.002,0,12.6,-6.3,146,1
Cyanobacteria,Anabaena,22.57383,65.63583,-7,5.42,16.83,46.45299911,3.131,5.849,4.404,0.049,0,0.002,0,12.5,-6.2,149,22
Cyanobacteria,Anabaena,19.808,63.5255,-8,5.91,16.63,47.5320015,1.596,1.209,2.506,0.2,0.001,0.006,0.001,13.3,-4,171,16
Cyanobacteria,Anabaena,19.8205,63.50017,-8,5.91,16.63,47.5320015,1.596,1.209,2.506,0.2,0.001,0.006,0.001,13.3,-4,171,16
Cyanobacteria,Anabaena,19.80667,63.525,-8,5.91,16.63,47.5320015,1.596,1.209,2.506,0.2,0.001,0.006,0.001,13.3,-4,171,16
Cyanobacteria,Anabaena,19.80883,63.52317,-8,5.91,16.63,47.5320015,1.596,1.209,2.506,0.2,0.001,0.006,0.001,13.3,-4,171,16
Cyanobacteria,Anabaena,12.05,55.169998,-1,9.53,19.65,46.42599869,5.617,0.03,0.169,0.228,0.357,0.002,0.001,15.4,2.6,173,52
Cyanobacteria,Anabaena,12.57,55.549999,-5,9.6,18.53,46.10499954,2.343,0.063,0.208,0.22,0.375,0.004,0.003,15.8,3.1,176,1
Cyanobacteria,Anabaena,11,55,-18,9.74,18.37,47.33800125,13.005,0.046,0.288,0.248,0.263,0.003,0.001,15.5,2.7,172,2
Cyanobacteria,Anabaena,11.98,55.900002,-5,9.87,19.59,46.68199921,14.914,0.085,0.513,0.209,0.16,0.004,0.002,15.8,2.5,181,10
Cyanobacteria,Anabaena,11.88333,58.33333,-2,8.35,17.67,46.09400177,13.904,0.636,2.336,0.255,0.056,0.013,0.004,7.9,1.2,207,48
Cyanobacteria,Anabaena,11.5625,58.06667,-2,9.4,19.94,47.16699982,15.134,0.654,2.393,0.254,0.058,0.014,0.004,12.4,1.5,194,21
Cyanobacteria,Anabaena,10.9,59.0083,-59,9.71,18.89,47.11299896,12.573,1.152,3.136,0.251,0.01,0.022,0.002,12.5,1.4,204,9
Cyanobacteria,Anabaena,10.62,56.52,-6,9.81,18.02,43.64500046,20.087,0.091,0.642,0.228,0.173,0.004,0.002,12.5,2.2,167,11
Cyanobacteria,Anabaena,11.9,55.919998,-4,10.02,19.39,46.09600067,15.111,0.081,0.495,0.212,0.163,0.004,0.002,15.8,2.3,181,8
Cyanobacteria,Anabaena,12.45,55.619999,-4,9.28,18.46,43.90000153,2.397,0.06,0.199,0.221,0.375,0.004,0.002,15.9,3.3,180,7
Cyanobacteria,Anabaena,12.3,54.98,-4,9.28,18.56,47.15800095,4.782,0.014,0.178,0.23,0.371,0.002,0.001,15.6,2.9,168,13
Cyanobacteria,Anabaena,12.21638,57.12211,-6,9.74,19.48,45.58800125,14.323,0.168,0.798,0.169,0.122,0.005,0.003,12.8,1.9,216,4
Cyanobacteria,Anabaena,12.95671,55.77092,-2,9.28,17.7,47.20899963,3.373,0.082,0.273,0.213,0.336,0.004,0.002,15.4,2.7,187,8
Cyanobacteria,Anabaena,12.91087,55.75554,-10,9.53,18.43,47.98899841,4.716,0.082,0.274,0.213,0.336,0.004,0.003,15.5,2.7,185,4
Cyanobacteria,Anabaena,18,59,-5,7.7,17.71,48.08100128,1.15,0.172,0.606,0.359,0.165,0.006,0.002,15.5,1.1,153,13
Cyanobacteria,Anabaena,11.61518,57.89177,-6,9.53,19.84,48.93799973,15.634,0.927,2.615,0.257,0.055,0.02,0.004,12.5,1.5,191,13
Cyanobacteria,Anabaena,10.62,55.599998,-11,9.75,18.16,46.05899811,16.435,0.084,0.435,0.262,0.208,0.005,0.002,15.3,3,163,0
Cyanobacteria,Anabaena,11.582563,57.886362,-20,9.93,19.24,46.9469986,15.635,0.781,2.448,0.256,0.06,0.017,0.004,12.5,1.5,190,16
Cyanobacteria,Anabaena,11.7225,55.715556,-2,9.02,18.03,46.67499924,16.732,0.053,0.409,0.255,0.194,0.003,0.001,15.7,2.5,177,21
Cyanobacteria,Anabaena,11.72,55.73,-2,9.02,18.03,46.67499924,16.732,0.053,0.409,0.255,0.194,0.003,0.001,15.7,2.5,177,21
Cyanobacteria,Anabaena,11.83,55.68,-4,9.42,18.86,46.67499924,14.719,0.06,0.396,0.246,0.215,0.004,0.002,15.7,2.5,178,15
Cyanobacteria,Anabaena,13.07522,55.67086,-5,9.46,18.8,50.62099838,1.905,0.047,0.166,0.222,0.378,0.003,0.002,15.4,2.7,184,5
Cyanobacteria,Anabaena,12.99632,55.612,-11,9.5,18.57,46.14400101,2.097,0.048,0.17,0.222,0.378,0.003,0.002,15.5,2.8,178,6
Cyanobacteria,Anabaena,11.8869,58.248,7.99,17.22,45.14899826,14.411,0.656,2.362,0.253,0.059,0.014,0.004,7.9,1.3,207,50,
